Workbook
Name Abierto: OFFSET(Reportes!$BA$12,1,0,COUNTA(Reportes!$AZ$13:$AZ$116)-COUNTIF(Reportes!$AZ$13:$AZ$116,"")+1,1)
Name Nombre: OFFSET(Reportes!$AZ$12,1,0,COUNTA(Reportes!$AZ$13:$AZ$116)-COUNTIF(Reportes!$AZ$13:$AZ$116,"")+1,1)
Name Resuelto: OFFSET(Reportes!$BB$12,1,0,COUNTA(Reportes!$AZ$13:$AZ$116)-COUNTIF(Reportes!$AZ$13:$AZ$116,"")+1,1)
Name SegmentaciónDeDatos_Asignado_a: #N/A
Name SegmentaciónDeDatos_Asignado_a1: #N/A
Name SegmentaciónDeDatos_Dependencia: #N/A
Name SegmentaciónDeDatos_Estado: #N/A

Sheet Programación
A5: Programación:
A6: # Tickets abiertos | M6: Resumen
A7: Urgente | D7: Alta | G7: Media | J7: Baja | M7: Agrupa | P7: Baja
A8: # | B8: Dias ab. | C8: Jer. Inv | D8: # | E8: Dias ab. | F8: Jer. Inv | G8: # | H8: Dias ab. | I8: Jer. Inv | J8: # | K8: Dias ab. | L8: Jer. Inv | M8: Jer. Inv | N8: Dias ab. | O8: # | P8: Contador | Q8: # ord. | R8: Dias ab. Ordenado | T8: Tickets | U8: Cantidad | W8: N° | X8: Nombre | Y8: Nombre ordenado
A9: =IF(AND(Registro!D8="Abierto",Registro!E8="Urgente"),Registro!B8,"") | B9: =IF(AND(Registro!D8="Abierto",Registro!E8="Urgente"),TODAY()-Registro!R8,"") | C9: =IF(AND(Registro!D8="Abierto",Registro!E8="Urgente"),RANK(B9,$B$9:$B$1000,0)+COUNTIF($B$9:B9,B9)-1,"") | D9: =IF(AND(Registro!D8="Abierto",Registro!E8="Alta"),Registro!B8,"") | E9: =IF(AND(Registro!D8="Abierto",Registro!E8="Alta"),TODAY()-Registro!R8,"") | F9: =IF(AND(Registro!D8="Abierto",Registro!E8="Alta"),RANK(E9,$E$9:$E$1000,0)+COUNTIF($E$9:E9,E9)-1+MAX(C$5:C$1000),"") | G9: =IF(AND(Registro!D8="Abierto",Registro!E8="Media"),Registro!B8,"") | H9: =IF(AND(Registro!D8="Abierto",Registro!E8="Media"),TODAY()-Registro!R8,"") | I9: =IF(AND(Registro!D8="Abierto",Registro!E8="Media"),RANK(H9,$H$9:$H$1000,0)+COUNTIF($H$9:H9,H9)-1+MAX(C$5:C$1000,F$5:F$1000),"") | J9: =IF(AND(Registro!D8="Abierto",Registro!E8="Baja"),Registro!B8,"") | K9: =IF(AND(Registro!D8="Abierto",Registro!E8="Baja"),TODAY()-Registro!R8,"") | L9: =IF(AND(Registro!D8="Abierto",Registro!E8="Baja"),RANK(K9,$K$9:$K$1000,0)+COUNTIF($K$9:K9,K9)-1+MAX(C$5:C$1000,F$5:F$1000,I$5:I$1000),"") | M9: =IF(OR(Registro!D8="Resuelto",Registro!D8=""),"",SUM(C9,F9,I9,L9)) | N9: =IF(OR(Registro!D8="Resuelto",Registro!D8=""),"",SUM(B9,E9,H9,K9)) | O9: =IF(OR(Registro!D8="Resuelto",Registro!D8=""),"",_xlfn.CONCAT(A9,D9,G9,J9)) | P9: 1 | Q9: =IF(ISNA(VLOOKUP(P9,$M$9:$O$1000,3,FALSE))=TRUE,"",VLOOKUP(P9,$M$9:$O$1000,3,FALSE)) -> 6405-PFIN-26 | R9: =IF(ISNA(VLOOKUP(P9,$M$9:$O$1000,2,FALSE))=TRUE,"",VLOOKUP(P9,$M$9:$O$1000,2,FALSE)) -> 3 | T9: Abierto | U9: =COUNTIF(Registro!D:D,T9) -> 44 | W9: =IF(X9="","",MAX($W$5:W8)+1) -> 1 | X9: =IF(Registro!M8="","",Registro!M8) -> Gestor 1 | Y9: =IF(ISNA(VLOOKUP(P9,$W$9:$X$1000,2,FALSE))=TRUE,"",VLOOKUP(P9,$W$9:$X$1000,2,FALSE)) -> Gestor 1
A10: =IF(AND(Registro!D9="Abierto",Registro!E9="Urgente"),Registro!B9,"") | B10: =IF(AND(Registro!D9="Abierto",Registro!E9="Urgente"),TODAY()-Registro!R9,"") | C10: =IF(AND(Registro!D9="Abierto",Registro!E9="Urgente"),RANK(B10,$B$9:$B$1000,0)+COUNTIF($B$9:B10,B10)-1,"") | D10: =IF(AND(Registro!D9="Abierto",Registro!E9="Alta"),Registro!B9,"") | E10: =IF(AND(Registro!D9="Abierto",Registro!E9="Alta"),TODAY()-Registro!R9,"") | F10: =IF(AND(Registro!D9="Abierto",Registro!E9="Alta"),RANK(E10,$E$9:$E$1000,0)+COUNTIF($E$9:E10,E10)-1+MAX(C$5:C$1000),"") | G10: =IF(AND(Registro!D9="Abierto",Registro!E9="Media"),Registro!B9,"") | H10: =IF(AND(Registro!D9="Abierto",Registro!E9="Media"),TODAY()-Registro!R9,"") | I10: =IF(AND(Registro!D9="Abierto",Registro!E9="Media"),RANK(H10,$H$9:$H$1000,0)+COUNTIF($H$9:H10,H10)-1+MAX(C$5:C$1000,F$5:F$1000),"") | J10: =IF(AND(Registro!D9="Abierto",Registro!E9="Baja"),Registro!B9,"") | K10: =IF(AND(Registro!D9="Abierto",Registro!E9="Baja"),TODAY()-Registro!R9,"") | L10: =IF(AND(Registro!D9="Abierto",Registro!E9="Baja"),RANK(K10,$K$9:$K$1000,0)+COUNTIF($K$9:K10,K10)-1+MAX(C$5:C$1000,F$5:F$1000,I$5:I$1000),"") | M10: =IF(OR(Registro!D9="Resuelto",Registro!D9=""),"",SUM(C10,F10,I10,L10)) | N10: =IF(OR(Registro!D9="Resuelto",Registro!D9=""),"",SUM(B10,E10,H10,K10)) | O10: =IF(OR(Registro!D9="Resuelto",Registro!D9=""),"",_xlfn.CONCAT(A10,D10,G10,J10)) | P10: 2 | Q10: =IF(ISNA(VLOOKUP(P10,$M$9:$O$1000,3,FALSE))=TRUE,"",VLOOKUP(P10,$M$9:$O$1000,3,FALSE)) -> 6411-PFIN-26 | R10: =IF(ISNA(VLOOKUP(P10,$M$9:$O$1000,2,FALSE))=TRUE,"",VLOOKUP(P10,$M$9:$O$1000,2,FALSE)) -> -14 | T10: Urgente | U10: =COUNTIFS(Registro!$D:$D,$T$9,Registro!$E:$E,T10) -> 2 | W10: =IF(X10="","",MAX($W$5:W9)+1) -> 2 | X10: =IF(Registro!M9="","",IF(COUNTIF($X$8:X9,Registro!M9)=0,Registro!M9,"")) -> Gestor 4 | Y10: =IF(ISNA(VLOOKUP(P10,$W$9:$X$1000,2,FALSE))=TRUE,"",VLOOKUP(P10,$W$9:$X$1000,2,FALSE)) -> Gestor 4
A11: =IF(AND(Registro!D10="Abierto",Registro!E10="Urgente"),Registro!B10,"") | B11: =IF(AND(Registro!D10="Abierto",Registro!E10="Urgente"),TODAY()-Registro!R10,"") | C11: =IF(AND(Registro!D10="Abierto",Registro!E10="Urgente"),RANK(B11,$B$9:$B$1000,0)+COUNTIF($B$9:B11,B11)-1,"") | D11: =IF(AND(Registro!D10="Abierto",Registro!E10="Alta"),Registro!B10,"") | E11: =IF(AND(Registro!D10="Abierto",Registro!E10="Alta"),TODAY()-Registro!R10,"") | F11: =IF(AND(Registro!D10="Abierto",Registro!E10="Alta"),RANK(E11,$E$9:$E$1000,0)+COUNTIF($E$9:E11,E11)-1+MAX(C$5:C$1000),"") | G11: =IF(AND(Registro!D10="Abierto",Registro!E10="Media"),Registro!B10,"") | H11: =IF(AND(Registro!D10="Abierto",Registro!E10="Media"),TODAY()-Registro!R10,"") | I11: =IF(AND(Registro!D10="Abierto",Registro!E10="Media"),RANK(H11,$H$9:$H$1000,0)+COUNTIF($H$9:H11,H11)-1+MAX(C$5:C$1000,F$5:F$1000),"") | J11: =IF(AND(Registro!D10="Abierto",Registro!E10="Baja"),Registro!B10,"") | K11: =IF(AND(Registro!D10="Abierto",Registro!E10="Baja"),TODAY()-Registro!R10,"") | L11: =IF(AND(Registro!D10="Abierto",Registro!E10="Baja"),RANK(K11,$K$9:$K$1000,0)+COUNTIF($K$9:K11,K11)-1+MAX(C$5:C$1000,F$5:F$1000,I$5:I$1000),"") | M11: =IF(OR(Registro!D10="Resuelto",Registro!D10=""),"",SUM(C11,F11,I11,L11)) | N11: =IF(OR(Registro!D10="Resuelto",Registro!D10=""),"",SUM(B11,E11,H11,K11)) | O11: =IF(OR(Registro!D10="Resuelto",Registro!D10=""),"",_xlfn.CONCAT(A11,D11,G11,J11)) | P11: 3 | Q11: =IF(ISNA(VLOOKUP(P11,$M$9:$O$1000,3,FALSE))=TRUE,"",VLOOKUP(P11,$M$9:$O$1000,3,FALSE)) -> 6404-PFIN-26 | R11: =IF(ISNA(VLOOKUP(P11,$M$9:$O$1000,2,FALSE))=TRUE,"",VLOOKUP(P11,$M$9:$O$1000,2,FALSE)) -> 46310 | T11: Alta | U11: =COUNTIFS(Registro!$D:$D,$T$9,Registro!$E:$E,T11) -> 8 | W11: =IF(X11="","",MAX($W$5:W10)+1) -> 3 | X11: =IF(Registro!M10="","",IF(COUNTIF($X$8:X10,Registro!M10)=0,Registro!M10,"")) -> Gestor 5 | Y11: =IF(ISNA(VLOOKUP(P11,$W$9:$X$1000,2,FALSE))=TRUE,"",VLOOKUP(P11,$W$9:$X$1000,2,FALSE)) -> Gestor 5
A12: =IF(AND(Registro!D11="Abierto",Registro!E11="Urgente"),Registro!B11,"") | B12: =IF(AND(Registro!D11="Abierto",Registro!E11="Urgente"),TODAY()-Registro!R11,"") | C12: =IF(AND(Registro!D11="Abierto",Registro!E11="Urgente"),RANK(B12,$B$9:$B$1000,0)+COUNTIF($B$9:B12,B12)-1,"") | D12: =IF(AND(Registro!D11="Abierto",Registro!E11="Alta"),Registro!B11,"") | E12: =IF(AND(Registro!D11="Abierto",Registro!E11="Alta"),TODAY()-Registro!R11,"") | F12: =IF(AND(Registro!D11="Abierto",Registro!E11="Alta"),RANK(E12,$E$9:$E$1000,0)+COUNTIF($E$9:E12,E12)-1+MAX(C$5:C$1000),"") | G12: =IF(AND(Registro!D11="Abierto",Registro!E11="Media"),Registro!B11,"") | H12: =IF(AND(Registro!D11="Abierto",Registro!E11="Media"),TODAY()-Registro!R11,"") | I12: =IF(AND(Registro!D11="Abierto",Registro!E11="Media"),RANK(H12,$H$9:$H$1000,0)+COUNTIF($H$9:H12,H12)-1+MAX(C$5:C$1000,F$5:F$1000),"") | J12: =IF(AND(Registro!D11="Abierto",Registro!E11="Baja"),Registro!B11,"") | K12: =IF(AND(Registro!D11="Abierto",Registro!E11="Baja"),TODAY()-Registro!R11,"") | L12: =IF(AND(Registro!D11="Abierto",Registro!E11="Baja"),RANK(K12,$K$9:$K$1000,0)+COUNTIF($K$9:K12,K12)-1+MAX(C$5:C$1000,F$5:F$1000,I$5:I$1000),"") | M12: =IF(OR(Registro!D11="Resuelto",Registro!D11=""),"",SUM(C12,F12,I12,L12)) | N12: =IF(OR(Registro!D11="Resuelto",Registro!D11=""),"",SUM(B12,E12,H12,K12)) | O12: =IF(OR(Registro!D11="Resuelto",Registro!D11=""),"",_xlfn.CONCAT(A12,D12,G12,J12)) | P12: 4 | Q12: =IF(ISNA(VLOOKUP(P12,$M$9:$O$1000,3,FALSE))=TRUE,"",VLOOKUP(P12,$M$9:$O$1000,3,FALSE)) -> 6371-PFIN-26 | R12: =IF(ISNA(VLOOKUP(P12,$M$9:$O$1000,2,FALSE))=TRUE,"",VLOOKUP(P12,$M$9:$O$1000,2,FALSE)) -> 8 | T12: Media | U12: =COUNTIFS(Registro!$D:$D,$T$9,Registro!$E:$E,T12) -> 8 | W12: =IF(X12="","",MAX($W$5:W11)+1) -> 4 | X12: =IF(Registro!M11="","",IF(COUNTIF($X$8:X11,Registro!M11)=0,Registro!M11,"")) -> Gestor 3 | Y12: =IF(ISNA(VLOOKUP(P12,$W$9:$X$1000,2,FALSE))=TRUE,"",VLOOKUP(P12,$W$9:$X$1000,2,FALSE)) -> Gestor 3
A13: =IF(AND(Registro!D12="Abierto",Registro!E12="Urgente"),Registro!B12,"") | B13: =IF(AND(Registro!D12="Abierto",Registro!E12="Urgente"),TODAY()-Registro!R12,"") | C13: =IF(AND(Registro!D12="Abierto",Registro!E12="Urgente"),RANK(B13,$B$9:$B$1000,0)+COUNTIF($B$9:B13,B13)-1,"") | D13: =IF(AND(Registro!D12="Abierto",Registro!E12="Alta"),Registro!B12,"") | E13: =IF(AND(Registro!D12="Abierto",Registro!E12="Alta"),TODAY()-Registro!R12,"") | F13: =IF(AND(Registro!D12="Abierto",Registro!E12="Alta"),RANK(E13,$E$9:$E$1000,0)+COUNTIF($E$9:E13,E13)-1+MAX(C$5:C$1000),"") | G13: =IF(AND(Registro!D12="Abierto",Registro!E12="Media"),Registro!B12,"") | H13: =IF(AND(Registro!D12="Abierto",Registro!E12="Media"),TODAY()-Registro!R12,"") | I13: =IF(AND(Registro!D12="Abierto",Registro!E12="Media"),RANK(H13,$H$9:$H$1000,0)+COUNTIF($H$9:H13,H13)-1+MAX(C$5:C$1000,F$5:F$1000),"") | J13: =IF(AND(Registro!D12="Abierto",Registro!E12="Baja"),Registro!B12,"") | K13: =IF(AND(Registro!D12="Abierto",Registro!E12="Baja"),TODAY()-Registro!R12,"") | L13: =IF(AND(Registro!D12="Abierto",Registro!E12="Baja"),RANK(K13,$K$9:$K$1000,0)+COUNTIF($K$9:K13,K13)-1+MAX(C$5:C$1000,F$5:F$1000,I$5:I$1000),"") | M13: =IF(OR(Registro!D12="Resuelto",Registro!D12=""),"",SUM(C13,F13,I13,L13)) | N13: =IF(OR(Registro!D12="Resuelto",Registro!D12=""),"",SUM(B13,E13,H13,K13)) | O13: =IF(OR(Registro!D12="Resuelto",Registro!D12=""),"",_xlfn.CONCAT(A13,D13,G13,J13)) | P13: 5 | Q13: =IF(ISNA(VLOOKUP(P13,$M$9:$O$1000,3,FALSE))=TRUE,"",VLOOKUP(P13,$M$9:$O$1000,3,FALSE)) -> 6375-PFIN-26 | R13: =IF(ISNA(VLOOKUP(P13,$M$9:$O$1000,2,FALSE))=TRUE,"",VLOOKUP(P13,$M$9:$O$1000,2,FALSE)) -> 8 | T13: Baja | U13: =COUNTIFS(Registro!$D:$D,$T$9,Registro!$E:$E,T13) -> 26 | W13: =IF(X13="","",MAX($W$5:W12)+1) | X13: =IF(Registro!M12="","",IF(COUNTIF($X$8:X12,Registro!M12)=0,Registro!M12,"")) | Y13: =IF(ISNA(VLOOKUP(P13,$W$9:$X$1000,2,FALSE))=TRUE,"",VLOOKUP(P13,$W$9:$X$1000,2,FALSE)) -> Gestor 2
A14: =IF(AND(Registro!D13="Abierto",Registro!E13="Urgente"),Registro!B13,"") | B14: =IF(AND(Registro!D13="Abierto",Registro!E13="Urgente"),TODAY()-Registro!R13,"") | C14: =IF(AND(Registro!D13="Abierto",Registro!E13="Urgente"),RANK(B14,$B$9:$B$1000,0)+COUNTIF($B$9:B14,B14)-1,"") | D14: =IF(AND(Registro!D13="Abierto",Registro!E13="Alta"),Registro!B13,"") | E14: =IF(AND(Registro!D13="Abierto",Registro!E13="Alta"),TODAY()-Registro!R13,"") | F14: =IF(AND(Registro!D13="Abierto",Registro!E13="Alta"),RANK(E14,$E$9:$E$1000,0)+COUNTIF($E$9:E14,E14)-1+MAX(C$5:C$1000),"") | G14: =IF(AND(Registro!D13="Abierto",Registro!E13="Media"),Registro!B13,"") | H14: =IF(AND(Registro!D13="Abierto",Registro!E13="Media"),TODAY()-Registro!R13,"") | I14: =IF(AND(Registro!D13="Abierto",Registro!E13="Media"),RANK(H14,$H$9:$H$1000,0)+COUNTIF($H$9:H14,H14)-1+MAX(C$5:C$1000,F$5:F$1000),"") | J14: =IF(AND(Registro!D13="Abierto",Registro!E13="Baja"),Registro!B13,"") -> 6281-PFIN-26 | K14: =IF(AND(Registro!D13="Abierto",Registro!E13="Baja"),TODAY()-Registro!R13,"") -> 2 | L14: =IF(AND(Registro!D13="Abierto",Registro!E13="Baja"),RANK(K14,$K$9:$K$1000,0)+COUNTIF($K$9:K14,K14)-1+MAX(C$5:C$1000,F$5:F$1000,I$5:I$1000),"") -> 27 | M14: =IF(OR(Registro!D13="Resuelto",Registro!D13=""),"",SUM(C14,F14,I14,L14)) -> 27 | N14: =IF(OR(Registro!D13="Resuelto",Registro!D13=""),"",SUM(B14,E14,H14,K14)) -> 2 | O14: =IF(OR(Registro!D13="Resuelto",Registro!D13=""),"",_xlfn.CONCAT(A14,D14,G14,J14)) -> 6281-PFIN-26 | P14: 6 | Q14: =IF(ISNA(VLOOKUP(P14,$M$9:$O$1000,3,FALSE))=TRUE,"",VLOOKUP(P14,$M$9:$O$1000,3,FALSE)) -> 6377-PFIN-26 | R14: =IF(ISNA(VLOOKUP(P14,$M$9:$O$1000,2,FALSE))=TRUE,"",VLOOKUP(P14,$M$9:$O$1000,2,FALSE)) -> 7 | W14: =IF(X14="","",MAX($W$5:W13)+1) | X14: =IF(Registro!M13="","",IF(COUNTIF($X$8:X13,Registro!M13)=0,Registro!M13,"")) | Y14: =IF(ISNA(VLOOKUP(P14,$W$9:$X$1000,2,FALSE))=TRUE,"",VLOOKUP(P14,$W$9:$X$1000,2,FALSE))
A15: =IF(AND(Registro!D14="Abierto",Registro!E14="Urgente"),Registro!B14,"") | B15: =IF(AND(Registro!D14="Abierto",Registro!E14="Urgente"),TODAY()-Registro!R14,"") | C15: =IF(AND(Registro!D14="Abierto",Registro!E14="Urgente"),RANK(B15,$B$9:$B$1000,0)+COUNTIF($B$9:B15,B15)-1,"") | D15: =IF(AND(Registro!D14="Abierto",Registro!E14="Alta"),Registro!B14,"") | E15: =IF(AND(Registro!D14="Abierto",Registro!E14="Alta"),TODAY()-Registro!R14,"") | F15: =IF(AND(Registro!D14="Abierto",Registro!E14="Alta"),RANK(E15,$E$9:$E$1000,0)+COUNTIF($E$9:E15,E15)-1+MAX(C$5:C$1000),"") | G15: =IF(AND(Registro!D14="Abierto",Registro!E14="Media"),Registro!B14,"") | H15: =IF(AND(Registro!D14="Abierto",Registro!E14="Media"),TODAY()-Registro!R14,"") | I15: =IF(AND(Registro!D14="Abierto",Registro!E14="Media"),RANK(H15,$H$9:$H$1000,0)+COUNTIF($H$9:H15,H15)-1+MAX(C$5:C$1000,F$5:F$1000),"") | J15: =IF(AND(Registro!D14="Abierto",Registro!E14="Baja"),Registro!B14,"") -> 6283-PFIN-26 | K15: =IF(AND(Registro!D14="Abierto",Registro!E14="Baja"),TODAY()-Registro!R14,"") -> 6 | L15: =IF(AND(Registro!D14="Abierto",Registro!E14="Baja"),RANK(K15,$K$9:$K$1000,0)+COUNTIF($K$9:K15,K15)-1+MAX(C$5:C$1000,F$5:F$1000,I$5:I$1000),"") -> 26 | M15: =IF(OR(Registro!D14="Resuelto",Registro!D14=""),"",SUM(C15,F15,I15,L15)) -> 26 | N15: =IF(OR(Registro!D14="Resuelto",Registro!D14=""),"",SUM(B15,E15,H15,K15)) -> 6 | O15: =IF(OR(Registro!D14="Resuelto",Registro!D14=""),"",_xlfn.CONCAT(A15,D15,G15,J15)) -> 6283-PFIN-26 | P15: 7 | Q15: =IF(ISNA(VLOOKUP(P15,$M$9:$O$1000,3,FALSE))=TRUE,"",VLOOKUP(P15,$M$9:$O$1000,3,FALSE)) -> 6373-PFIN-26 | R15: =IF(ISNA(VLOOKUP(P15,$M$9:$O$1000,2,FALSE))=TRUE,"",VLOOKUP(P15,$M$9:$O$1000,2,FALSE)) -> 3 | W15: =IF(X15="","",MAX($W$5:W14)+1) | X15: =IF(Registro!M14="","",IF(COUNTIF($X$8:X14,Registro!M14)=0,Registro!M14,"")) | Y15: =IF(ISNA(VLOOKUP(P15,$W$9:$X$1000,2,FALSE))=TRUE,"",VLOOKUP(P15,$W$9:$X$1000,2,FALSE))
A16: =IF(AND(Registro!D15="Abierto",Registro!E15="Urgente"),Registro!B15,"") | B16: =IF(AND(Registro!D15="Abierto",Registro!E15="Urgente"),TODAY()-Registro!R15,"") | C16: =IF(AND(Registro!D15="Abierto",Registro!E15="Urgente"),RANK(B16,$B$9:$B$1000,0)+COUNTIF($B$9:B16,B16)-1,"") | D16: =IF(AND(Registro!D15="Abierto",Registro!E15="Alta"),Registro!B15,"") | E16: =IF(AND(Registro!D15="Abierto",Registro!E15="Alta"),TODAY()-Registro!R15,"") | F16: =IF(AND(Registro!D15="Abierto",Registro!E15="Alta"),RANK(E16,$E$9:$E$1000,0)+COUNTIF($E$9:E16,E16)-1+MAX(C$5:C$1000),"") | G16: =IF(AND(Registro!D15="Abierto",Registro!E15="Media"),Registro!B15,"") | H16: =IF(AND(Registro!D15="Abierto",Registro!E15="Media"),TODAY()-Registro!R15,"") | I16: =IF(AND(Registro!D15="Abierto",Registro!E15="Media"),RANK(H16,$H$9:$H$1000,0)+COUNTIF($H$9:H16,H16)-1+MAX(C$5:C$1000,F$5:F$1000),"") | J16: =IF(AND(Registro!D15="Abierto",Registro!E15="Baja"),Registro!B15,"") -> 6284-PFIN-26 | K16: =IF(AND(Registro!D15="Abierto",Registro!E15="Baja"),TODAY()-Registro!R15,"") -> -19 | L16: =IF(AND(Registro!D15="Abierto",Registro!E15="Baja"),RANK(K16,$K$9:$K$1000,0)+COUNTIF($K$9:K16,K16)-1+MAX(C$5:C$1000,F$5:F$1000,I$5:I$1000),"") -> 35 | M16: =IF(OR(Registro!D15="Resuelto",Registro!D15=""),"",SUM(C16,F16,I16,L16)) -> 35 | N16: =IF(OR(Registro!D15="Resuelto",Registro!D15=""),"",SUM(B16,E16,H16,K16)) -> -19 | O16: =IF(OR(Registro!D15="Resuelto",Registro!D15=""),"",_xlfn.CONCAT(A16,D16,G16,J16)) -> 6284-PFIN-26 | P16: 8 | Q16: =IF(ISNA(VLOOKUP(P16,$M$9:$O$1000,3,FALSE))=TRUE,"",VLOOKUP(P16,$M$9:$O$1000,3,FALSE)) -> 6412-PFIN-26 | R16: =IF(ISNA(VLOOKUP(P16,$M$9:$O$1000,2,FALSE))=TRUE,"",VLOOKUP(P16,$M$9:$O$1000,2,FALSE)) -> -4 | W16: =IF(X16="","",MAX($W$5:W15)+1) | X16: =IF(Registro!M15="","",IF(COUNTIF($X$8:X15,Registro!M15)=0,Registro!M15,"")) | Y16: =IF(ISNA(VLOOKUP(P16,$W$9:$X$1000,2,FALSE))=TRUE,"",VLOOKUP(P16,$W$9:$X$1000,2,FALSE))
A17: =IF(AND(Registro!D16="Abierto",Registro!E16="Urgente"),Registro!B16,"") | B17: =IF(AND(Registro!D16="Abierto",Registro!E16="Urgente"),TODAY()-Registro!R16,"") | C17: =IF(AND(Registro!D16="Abierto",Registro!E16="Urgente"),RANK(B17,$B$9:$B$1000,0)+COUNTIF($B$9:B17,B17)-1,"") | D17: =IF(AND(Registro!D16="Abierto",Registro!E16="Alta"),Registro!B16,"") | E17: =IF(AND(Registro!D16="Abierto",Registro!E16="Alta"),TODAY()-Registro!R16,"") | F17: =IF(AND(Registro!D16="Abierto",Registro!E16="Alta"),RANK(E17,$E$9:$E$1000,0)+COUNTIF($E$9:E17,E17)-1+MAX(C$5:C$1000),"") | G17: =IF(AND(Registro!D16="Abierto",Registro!E16="Media"),Registro!B16,"") | H17: =IF(AND(Registro!D16="Abierto",Registro!E16="Media"),TODAY()-Registro!R16,"") | I17: =IF(AND(Registro!D16="Abierto",Registro!E16="Media"),RANK(H17,$H$9:$H$1000,0)+COUNTIF($H$9:H17,H17)-1+MAX(C$5:C$1000,F$5:F$1000),"") | J17: =IF(AND(Registro!D16="Abierto",Registro!E16="Baja"),Registro!B16,"") -> 6286-PFIN-26 | K17: =IF(AND(Registro!D16="Abierto",Registro!E16="Baja"),TODAY()-Registro!R16,"") -> -40 | L17: =IF(AND(Registro!D16="Abierto",Registro!E16="Baja"),RANK(K17,$K$9:$K$1000,0)+COUNTIF($K$9:K17,K17)-1+MAX(C$5:C$1000,F$5:F$1000,I$5:I$1000),"") -> 43 | M17: =IF(OR(Registro!D16="Resuelto",Registro!D16=""),"",SUM(C17,F17,I17,L17)) -> 43 | N17: =IF(OR(Registro!D16="Resuelto",Registro!D16=""),"",SUM(B17,E17,H17,K17)) -> -40 | O17: =IF(OR(Registro!D16="Resuelto",Registro!D16=""),"",_xlfn.CONCAT(A17,D17,G17,J17)) -> 6286-PFIN-26 | P17: 9 | Q17: =IF(ISNA(VLOOKUP(P17,$M$9:$O$1000,3,FALSE))=TRUE,"",VLOOKUP(P17,$M$9:$O$1000,3,FALSE)) -> 6378-PFIN-26 | R17: =IF(ISNA(VLOOKUP(P17,$M$9:$O$1000,2,FALSE))=TRUE,"",VLOOKUP(P17,$M$9:$O$1000,2,FALSE)) -> -6 | W17: =IF(X17="","",MAX($W$5:W16)+1) | X17: =IF(Registro!M16="","",IF(COUNTIF($X$8:X16,Registro!M16)=0,Registro!M16,"")) | Y17: =IF(ISNA(VLOOKUP(P17,$W$9:$X$1000,2,FALSE))=TRUE,"",VLOOKUP(P17,$W$9:$X$1000,2,FALSE))
A18: =IF(AND(Registro!D17="Abierto",Registro!E17="Urgente"),Registro!B17,"") | B18: =IF(AND(Registro!D17="Abierto",Registro!E17="Urgente"),TODAY()-Registro!R17,"") | C18: =IF(AND(Registro!D17="Abierto",Registro!E17="Urgente"),RANK(B18,$B$9:$B$1000,0)+COUNTIF($B$9:B18,B18)-1,"") | D18: =IF(AND(Registro!D17="Abierto",Registro!E17="Alta"),Registro!B17,"") | E18: =IF(AND(Registro!D17="Abierto",Registro!E17="Alta"),TODAY()-Registro!R17,"") | F18: =IF(AND(Registro!D17="Abierto",Registro!E17="Alta"),RANK(E18,$E$9:$E$1000,0)+COUNTIF($E$9:E18,E18)-1+MAX(C$5:C$1000),"") | G18: =IF(AND(Registro!D17="Abierto",Registro!E17="Media"),Registro!B17,"") | H18: =IF(AND(Registro!D17="Abierto",Registro!E17="Media"),TODAY()-Registro!R17,"") | I18: =IF(AND(Registro!D17="Abierto",Registro!E17="Media"),RANK(H18,$H$9:$H$1000,0)+COUNTIF($H$9:H18,H18)-1+MAX(C$5:C$1000,F$5:F$1000),"") | J18: =IF(AND(Registro!D17="Abierto",Registro!E17="Baja"),Registro!B17,"") | K18: =IF(AND(Registro!D17="Abierto",Registro!E17="Baja"),TODAY()-Registro!R17,"") | L18: =IF(AND(Registro!D17="Abierto",Registro!E17="Baja"),RANK(K18,$K$9:$K$1000,0)+COUNTIF($K$9:K18,K18)-1+MAX(C$5:C$1000,F$5:F$1000,I$5:I$1000),"") | M18: =IF(OR(Registro!D17="Resuelto",Registro!D17=""),"",SUM(C18,F18,I18,L18)) | N18: =IF(OR(Registro!D17="Resuelto",Registro!D17=""),"",SUM(B18,E18,H18,K18)) | O18: =IF(OR(Registro!D17="Resuelto",Registro!D17=""),"",_xlfn.CONCAT(A18,D18,G18,J18)) | P18: 10 | Q18: =IF(ISNA(VLOOKUP(P18,$M$9:$O$1000,3,FALSE))=TRUE,"",VLOOKUP(P18,$M$9:$O$1000,3,FALSE)) -> 6418-PFIN-26 | R18: =IF(ISNA(VLOOKUP(P18,$M$9:$O$1000,2,FALSE))=TRUE,"",VLOOKUP(P18,$M$9:$O$1000,2,FALSE)) -> -8 | W18: =IF(X18="","",MAX($W$5:W17)+1) -> 5 | X18: =IF(Registro!M17="","",IF(COUNTIF($X$8:X17,Registro!M17)=0,Registro!M17,"")) -> Gestor 2 | Y18: =IF(ISNA(VLOOKUP(P18,$W$9:$X$1000,2,FALSE))=TRUE,"",VLOOKUP(P18,$W$9:$X$1000,2,FALSE))
A19: =IF(AND(Registro!D18="Abierto",Registro!E18="Urgente"),Registro!B18,"") | B19: =IF(AND(Registro!D18="Abierto",Registro!E18="Urgente"),TODAY()-Registro!R18,"") | C19: =IF(AND(Registro!D18="Abierto",Registro!E18="Urgente"),RANK(B19,$B$9:$B$1000,0)+COUNTIF($B$9:B19,B19)-1,"") | D19: =IF(AND(Registro!D18="Abierto",Registro!E18="Alta"),Registro!B18,"") | E19: =IF(AND(Registro!D18="Abierto",Registro!E18="Alta"),TODAY()-Registro!R18,"") | F19: =IF(AND(Registro!D18="Abierto",Registro!E18="Alta"),RANK(E19,$E$9:$E$1000,0)+COUNTIF($E$9:E19,E19)-1+MAX(C$5:C$1000),"") | G19: =IF(AND(Registro!D18="Abierto",Registro!E18="Media"),Registro!B18,"") | H19: =IF(AND(Registro!D18="Abierto",Registro!E18="Media"),TODAY()-Registro!R18,"") | I19: =IF(AND(Registro!D18="Abierto",Registro!E18="Media"),RANK(H19,$H$9:$H$1000,0)+COUNTIF($H$9:H19,H19)-1+MAX(C$5:C$1000,F$5:F$1000),"") | J19: =IF(AND(Registro!D18="Abierto",Registro!E18="Baja"),Registro!B18,"") | K19: =IF(AND(Registro!D18="Abierto",Registro!E18="Baja"),TODAY()-Registro!R18,"") | L19: =IF(AND(Registro!D18="Abierto",Registro!E18="Baja"),RANK(K19,$K$9:$K$1000,0)+COUNTIF($K$9:K19,K19)-1+MAX(C$5:C$1000,F$5:F$1000,I$5:I$1000),"") | M19: =IF(OR(Registro!D18="Resuelto",Registro!D18=""),"",SUM(C19,F19,I19,L19)) | N19: =IF(OR(Registro!D18="Resuelto",Registro!D18=""),"",SUM(B19,E19,H19,K19)) | O19: =IF(OR(Registro!D18="Resuelto",Registro!D18=""),"",_xlfn.CONCAT(A19,D19,G19,J19)) | P19: 11 | Q19: =IF(ISNA(VLOOKUP(P19,$M$9:$O$1000,3,FALSE))=TRUE,"",VLOOKUP(P19,$M$9:$O$1000,3,FALSE)) -> 6304-PFIN-26 | R19: =IF(ISNA(VLOOKUP(P19,$M$9:$O$1000,2,FALSE))=TRUE,"",VLOOKUP(P19,$M$9:$O$1000,2,FALSE)) -> 44 | W19: =IF(X19="","",MAX($W$5:W18)+1) | X19: =IF(Registro!M18="","",IF(COUNTIF($X$8:X18,Registro!M18)=0,Registro!M18,"")) | Y19: =IF(ISNA(VLOOKUP(P19,$W$9:$X$1000,2,FALSE))=TRUE,"",VLOOKUP(P19,$W$9:$X$1000,2,FALSE))
A20: =IF(AND(Registro!D19="Abierto",Registro!E19="Urgente"),Registro!B19,"") | B20: =IF(AND(Registro!D19="Abierto",Registro!E19="Urgente"),TODAY()-Registro!R19,"") | C20: =IF(AND(Registro!D19="Abierto",Registro!E19="Urgente"),RANK(B20,$B$9:$B$1000,0)+COUNTIF($B$9:B20,B20)-1,"") | D20: =IF(AND(Registro!D19="Abierto",Registro!E19="Alta"),Registro!B19,"") | E20: =IF(AND(Registro!D19="Abierto",Registro!E19="Alta"),TODAY()-Registro!R19,"") | F20: =IF(AND(Registro!D19="Abierto",Registro!E19="Alta"),RANK(E20,$E$9:$E$1000,0)+COUNTIF($E$9:E20,E20)-1+MAX(C$5:C$1000),"") | G20: =IF(AND(Registro!D19="Abierto",Registro!E19="Media"),Registro!B19,"") | H20: =IF(AND(Registro!D19="Abierto",Registro!E19="Media"),TODAY()-Registro!R19,"") | I20: =IF(AND(Registro!D19="Abierto",Registro!E19="Media"),RANK(H20,$H$9:$H$1000,0)+COUNTIF($H$9:H20,H20)-1+MAX(C$5:C$1000,F$5:F$1000),"") | J20: =IF(AND(Registro!D19="Abierto",Registro!E19="Baja"),Registro!B19,"") | K20: =IF(AND(Registro!D19="Abierto",Registro!E19="Baja"),TODAY()-Registro!R19,"") | L20: =IF(AND(Registro!D19="Abierto",Registro!E19="Baja"),RANK(K20,$K$9:$K$1000,0)+COUNTIF($K$9:K20,K20)-1+MAX(C$5:C$1000,F$5:F$1000,I$5:I$1000),"") | M20: =IF(OR(Registro!D19="Resuelto",Registro!D19=""),"",SUM(C20,F20,I20,L20)) -> 0 | N20: =IF(OR(Registro!D19="Resuelto",Registro!D19=""),"",SUM(B20,E20,H20,K20)) -> 0 | O20: =IF(OR(Registro!D19="Resuelto",Registro!D19=""),"",_xlfn.CONCAT(A20,D20,G20,J20)) | P20: 12 | Q20: =IF(ISNA(VLOOKUP(P20,$M$9:$O$1000,3,FALSE))=TRUE,"",VLOOKUP(P20,$M$9:$O$1000,3,FALSE)) -> 6305-PFIN-26 | R20: =IF(ISNA(VLOOKUP(P20,$M$9:$O$1000,2,FALSE))=TRUE,"",VLOOKUP(P20,$M$9:$O$1000,2,FALSE)) -> 44 | W20: =IF(X20="","",MAX($W$5:W19)+1) | X20: =IF(Registro!M19="","",IF(COUNTIF($X$8:X19,Registro!M19)=0,Registro!M19,"")) | Y20: =IF(ISNA(VLOOKUP(P20,$W$9:$X$1000,2,FALSE))=TRUE,"",VLOOKUP(P20,$W$9:$X$1000,2,FALSE))
A21: =IF(AND(Registro!D20="Abierto",Registro!E20="Urgente"),Registro!B20,"") | B21: =IF(AND(Registro!D20="Abierto",Registro!E20="Urgente"),TODAY()-Registro!R20,"") | C21: =IF(AND(Registro!D20="Abierto",Registro!E20="Urgente"),RANK(B21,$B$9:$B$1000,0)+COUNTIF($B$9:B21,B21)-1,"") | D21: =IF(AND(Registro!D20="Abierto",Registro!E20="Alta"),Registro!B20,"") | E21: =IF(AND(Registro!D20="Abierto",Registro!E20="Alta"),TODAY()-Registro!R20,"") | F21: =IF(AND(Registro!D20="Abierto",Registro!E20="Alta"),RANK(E21,$E$9:$E$1000,0)+COUNTIF($E$9:E21,E21)-1+MAX(C$5:C$1000),"") | G21: =IF(AND(Registro!D20="Abierto",Registro!E20="Media"),Registro!B20,"") | H21: =IF(AND(Registro!D20="Abierto",Registro!E20="Media"),TODAY()-Registro!R20,"") | I21: =IF(AND(Registro!D20="Abierto",Registro!E20="Media"),RANK(H21,$H$9:$H$1000,0)+COUNTIF($H$9:H21,H21)-1+MAX(C$5:C$1000,F$5:F$1000),"") | J21: =IF(AND(Registro!D20="Abierto",Registro!E20="Baja"),Registro!B20,"") | K21: =IF(AND(Registro!D20="Abierto",Registro!E20="Baja"),TODAY()-Registro!R20,"") | L21: =IF(AND(Registro!D20="Abierto",Registro!E20="Baja"),RANK(K21,$K$9:$K$1000,0)+COUNTIF($K$9:K21,K21)-1+MAX(C$5:C$1000,F$5:F$1000,I$5:I$1000),"") | M21: =IF(OR(Registro!D20="Resuelto",Registro!D20=""),"",SUM(C21,F21,I21,L21)) | N21: =IF(OR(Registro!D20="Resuelto",Registro!D20=""),"",SUM(B21,E21,H21,K21)) | O21: =IF(OR(Registro!D20="Resuelto",Registro!D20=""),"",_xlfn.CONCAT(A21,D21,G21,J21)) | P21: 13 | Q21: =IF(ISNA(VLOOKUP(P21,$M$9:$O$1000,3,FALSE))=TRUE,"",VLOOKUP(P21,$M$9:$O$1000,3,FALSE)) -> 6306-PFIN-26 | R21: =IF(ISNA(VLOOKUP(P21,$M$9:$O$1000,2,FALSE))=TRUE,"",VLOOKUP(P21,$M$9:$O$1000,2,FALSE)) -> 44 | W21: =IF(X21="","",MAX($W$5:W20)+1) | X21: =IF(Registro!M20="","",IF(COUNTIF($X$8:X20,Registro!M20)=0,Registro!M20,"")) | Y21: =IF(ISNA(VLOOKUP(P21,$W$9:$X$1000,2,FALSE))=TRUE,"",VLOOKUP(P21,$W$9:$X$1000,2,FALSE))
A22: =IF(AND(Registro!D21="Abierto",Registro!E21="Urgente"),Registro!B21,"") | B22: =IF(AND(Registro!D21="Abierto",Registro!E21="Urgente"),TODAY()-Registro!R21,"") | C22: =IF(AND(Registro!D21="Abierto",Registro!E21="Urgente"),RANK(B22,$B$9:$B$1000,0)+COUNTIF($B$9:B22,B22)-1,"") | D22: =IF(AND(Registro!D21="Abierto",Registro!E21="Alta"),Registro!B21,"") | E22: =IF(AND(Registro!D21="Abierto",Registro!E21="Alta"),TODAY()-Registro!R21,"") | F22: =IF(AND(Registro!D21="Abierto",Registro!E21="Alta"),RANK(E22,$E$9:$E$1000,0)+COUNTIF($E$9:E22,E22)-1+MAX(C$5:C$1000),"") | G22: =IF(AND(Registro!D21="Abierto",Registro!E21="Media"),Registro!B21,"") | H22: =IF(AND(Registro!D21="Abierto",Registro!E21="Media"),TODAY()-Registro!R21,"") | I22: =IF(AND(Registro!D21="Abierto",Registro!E21="Media"),RANK(H22,$H$9:$H$1000,0)+COUNTIF($H$9:H22,H22)-1+MAX(C$5:C$1000,F$5:F$1000),"") | J22: =IF(AND(Registro!D21="Abierto",Registro!E21="Baja"),Registro!B21,"") | K22: =IF(AND(Registro!D21="Abierto",Registro!E21="Baja"),TODAY()-Registro!R21,"") | L22: =IF(AND(Registro!D21="Abierto",Registro!E21="Baja"),RANK(K22,$K$9:$K$1000,0)+COUNTIF($K$9:K22,K22)-1+MAX(C$5:C$1000,F$5:F$1000,I$5:I$1000),"") | M22: =IF(OR(Registro!D21="Resuelto",Registro!D21=""),"",SUM(C22,F22,I22,L22)) | N22: =IF(OR(Registro!D21="Resuelto",Registro!D21=""),"",SUM(B22,E22,H22,K22)) | O22: =IF(OR(Registro!D21="Resuelto",Registro!D21=""),"",_xlfn.CONCAT(A22,D22,G22,J22)) | P22: 14 | Q22: =IF(ISNA(VLOOKUP(P22,$M$9:$O$1000,3,FALSE))=TRUE,"",VLOOKUP(P22,$M$9:$O$1000,3,FALSE)) -> 6348-PFIN-26 | R22: =IF(ISNA(VLOOKUP(P22,$M$9:$O$1000,2,FALSE))=TRUE,"",VLOOKUP(P22,$M$9:$O$1000,2,FALSE)) -> 6 | W22: =IF(X22="","",MAX($W$5:W21)+1) | X22: =IF(Registro!M21="","",IF(COUNTIF($X$8:X21,Registro!M21)=0,Registro!M21,"")) | Y22: =IF(ISNA(VLOOKUP(P22,$W$9:$X$1000,2,FALSE))=TRUE,"",VLOOKUP(P22,$W$9:$X$1000,2,FALSE))
A23: =IF(AND(Registro!D22="Abierto",Registro!E22="Urgente"),Registro!B22,"") | B23: =IF(AND(Registro!D22="Abierto",Registro!E22="Urgente"),TODAY()-Registro!R22,"") | C23: =IF(AND(Registro!D22="Abierto",Registro!E22="Urgente"),RANK(B23,$B$9:$B$1000,0)+COUNTIF($B$9:B23,B23)-1,"") | D23: =IF(AND(Registro!D22="Abierto",Registro!E22="Alta"),Registro!B22,"") | E23: =IF(AND(Registro!D22="Abierto",Registro!E22="Alta"),TODAY()-Registro!R22,"") | F23: =IF(AND(Registro!D22="Abierto",Registro!E22="Alta"),RANK(E23,$E$9:$E$1000,0)+COUNTIF($E$9:E23,E23)-1+MAX(C$5:C$1000),"") | G23: =IF(AND(Registro!D22="Abierto",Registro!E22="Media"),Registro!B22,"") | H23: =IF(AND(Registro!D22="Abierto",Registro!E22="Media"),TODAY()-Registro!R22,"") | I23: =IF(AND(Registro!D22="Abierto",Registro!E22="Media"),RANK(H23,$H$9:$H$1000,0)+COUNTIF($H$9:H23,H23)-1+MAX(C$5:C$1000,F$5:F$1000),"") | J23: =IF(AND(Registro!D22="Abierto",Registro!E22="Baja"),Registro!B22,"") | K23: =IF(AND(Registro!D22="Abierto",Registro!E22="Baja"),TODAY()-Registro!R22,"") | L23: =IF(AND(Registro!D22="Abierto",Registro!E22="Baja"),RANK(K23,$K$9:$K$1000,0)+COUNTIF($K$9:K23,K23)-1+MAX(C$5:C$1000,F$5:F$1000,I$5:I$1000),"") | M23: =IF(OR(Registro!D22="Resuelto",Registro!D22=""),"",SUM(C23,F23,I23,L23)) | N23: =IF(OR(Registro!D22="Resuelto",Registro!D22=""),"",SUM(B23,E23,H23,K23)) | O23: =IF(OR(Registro!D22="Resuelto",Registro!D22=""),"",_xlfn.CONCAT(A23,D23,G23,J23)) | P23: 15 | Q23: =IF(ISNA(VLOOKUP(P23,$M$9:$O$1000,3,FALSE))=TRUE,"",VLOOKUP(P23,$M$9:$O$1000,3,FALSE)) -> 6295-PFIN-26 | R23: =IF(ISNA(VLOOKUP(P23,$M$9:$O$1000,2,FALSE))=TRUE,"",VLOOKUP(P23,$M$9:$O$1000,2,FALSE)) -> -4 | W23: =IF(X23="","",MAX($W$5:W22)+1) | X23: =IF(Registro!M22="","",IF(COUNTIF($X$8:X22,Registro!M22)=0,Registro!M22,"")) | Y23: =IF(ISNA(VLOOKUP(P23,$W$9:$X$1000,2,FALSE))=TRUE,"",VLOOKUP(P23,$W$9:$X$1000,2,FALSE))
A24: =IF(AND(Registro!D23="Abierto",Registro!E23="Urgente"),Registro!B23,"") | B24: =IF(AND(Registro!D23="Abierto",Registro!E23="Urgente"),TODAY()-Registro!R23,"") | C24: =IF(AND(Registro!D23="Abierto",Registro!E23="Urgente"),RANK(B24,$B$9:$B$1000,0)+COUNTIF($B$9:B24,B24)-1,"") | D24: =IF(AND(Registro!D23="Abierto",Registro!E23="Alta"),Registro!B23,"") | E24: =IF(AND(Registro!D23="Abierto",Registro!E23="Alta"),TODAY()-Registro!R23,"") | F24: =IF(AND(Registro!D23="Abierto",Registro!E23="Alta"),RANK(E24,$E$9:$E$1000,0)+COUNTIF($E$9:E24,E24)-1+MAX(C$5:C$1000),"") | G24: =IF(AND(Registro!D23="Abierto",Registro!E23="Media"),Registro!B23,"") | H24: =IF(AND(Registro!D23="Abierto",Registro!E23="Media"),TODAY()-Registro!R23,"") | I24: =IF(AND(Registro!D23="Abierto",Registro!E23="Media"),RANK(H24,$H$9:$H$1000,0)+COUNTIF($H$9:H24,H24)-1+MAX(C$5:C$1000,F$5:F$1000),"") | J24: =IF(AND(Registro!D23="Abierto",Registro!E23="Baja"),Registro!B23,"") -> 6294-PFIN-26 | K24: =IF(AND(Registro!D23="Abierto",Registro!E23="Baja"),TODAY()-Registro!R23,"") -> 2 | L24: =IF(AND(Registro!D23="Abierto",Registro!E23="Baja"),RANK(K24,$K$9:$K$1000,0)+COUNTIF($K$9:K24,K24)-1+MAX(C$5:C$1000,F$5:F$1000,I$5:I$1000),"") -> 28 | M24: =IF(OR(Registro!D23="Resuelto",Registro!D23=""),"",SUM(C24,F24,I24,L24)) -> 28 | N24: =IF(OR(Registro!D23="Resuelto",Registro!D23=""),"",SUM(B24,E24,H24,K24)) -> 2 | O24: =IF(OR(Registro!D23="Resuelto",Registro!D23=""),"",_xlfn.CONCAT(A24,D24,G24,J24)) -> 6294-PFIN-26 | P24: 16 | Q24: =IF(ISNA(VLOOKUP(P24,$M$9:$O$1000,3,FALSE))=TRUE,"",VLOOKUP(P24,$M$9:$O$1000,3,FALSE)) -> 6374-PFIN-26 | R24: =IF(ISNA(VLOOKUP(P24,$M$9:$O$1000,2,FALSE))=TRUE,"",VLOOKUP(P24,$M$9:$O$1000,2,FALSE)) -> -6 | W24: =IF(X24="","",MAX($W$5:W23)+1) | X24: =IF(Registro!M23="","",IF(COUNTIF($X$8:X23,Registro!M23)=0,Registro!M23,"")) | Y24: =IF(ISNA(VLOOKUP(P24,$W$9:$X$1000,2,FALSE))=TRUE,"",VLOOKUP(P24,$W$9:$X$1000,2,FALSE))
A25: =IF(AND(Registro!D24="Abierto",Registro!E24="Urgente"),Registro!B24,"") | B25: =IF(AND(Registro!D24="Abierto",Registro!E24="Urgente"),TODAY()-Registro!R24,"") | C25: =IF(AND(Registro!D24="Abierto",Registro!E24="Urgente"),RANK(B25,$B$9:$B$1000,0)+COUNTIF($B$9:B25,B25)-1,"") | D25: =IF(AND(Registro!D24="Abierto",Registro!E24="Alta"),Registro!B24,"") | E25: =IF(AND(Registro!D24="Abierto",Registro!E24="Alta"),TODAY()-Registro!R24,"") | F25: =IF(AND(Registro!D24="Abierto",Registro!E24="Alta"),RANK(E25,$E$9:$E$1000,0)+COUNTIF($E$9:E25,E25)-1+MAX(C$5:C$1000),"") | G25: =IF(AND(Registro!D24="Abierto",Registro!E24="Media"),Registro!B24,"") | H25: =IF(AND(Registro!D24="Abierto",Registro!E24="Media"),TODAY()-Registro!R24,"") | I25: =IF(AND(Registro!D24="Abierto",Registro!E24="Media"),RANK(H25,$H$9:$H$1000,0)+COUNTIF($H$9:H25,H25)-1+MAX(C$5:C$1000,F$5:F$1000),"") | J25: =IF(AND(Registro!D24="Abierto",Registro!E24="Baja"),Registro!B24,"") | K25: =IF(AND(Registro!D24="Abierto",Registro!E24="Baja"),TODAY()-Registro!R24,"") | L25: =IF(AND(Registro!D24="Abierto",Registro!E24="Baja"),RANK(K25,$K$9:$K$1000,0)+COUNTIF($K$9:K25,K25)-1+MAX(C$5:C$1000,F$5:F$1000,I$5:I$1000),"") | M25: =IF(OR(Registro!D24="Resuelto",Registro!D24=""),"",SUM(C25,F25,I25,L25)) | N25: =IF(OR(Registro!D24="Resuelto",Registro!D24=""),"",SUM(B25,E25,H25,K25)) | O25: =IF(OR(Registro!D24="Resuelto",Registro!D24=""),"",_xlfn.CONCAT(A25,D25,G25,J25)) | P25: 17 | Q25: =IF(ISNA(VLOOKUP(P25,$M$9:$O$1000,3,FALSE))=TRUE,"",VLOOKUP(P25,$M$9:$O$1000,3,FALSE)) -> 6387-PFIN-26 | R25: =IF(ISNA(VLOOKUP(P25,$M$9:$O$1000,2,FALSE))=TRUE,"",VLOOKUP(P25,$M$9:$O$1000,2,FALSE)) -> -6 | W25: =IF(X25="","",MAX($W$5:W24)+1) | X25: =IF(Registro!M24="","",IF(COUNTIF($X$8:X24,Registro!M24)=0,Registro!M24,"")) | Y25: =IF(ISNA(VLOOKUP(P25,$W$9:$X$1000,2,FALSE))=TRUE,"",VLOOKUP(P25,$W$9:$X$1000,2,FALSE))
... A1000: =IF(AND(Registro!D999="Abierto",Registro!E999="Urgente"),Registro!B999,"") | B1000: =IF(AND(Registro!D999="Abierto",Registro!E999="Urgente"),TODAY()-Registro!R999,"") | C1000: =IF(AND(Registro!D999="Abierto",Registro!E999="Urgente"),RANK(B1000,$B$9:$B$1000,0)+COUNTIF($B$9:B1000,B1000)-1,"") | D1000: =IF(AND(Registro!D999="Abierto",Registro!E999="Alta"),Registro!B999,"") | E1000: =IF(AND(Registro!D999="Abierto",Registro!E999="Alta"),TODAY()-Registro!R999,"") | F1000: =IF(AND(Registro!D999="Abierto",Registro!E999="Alta"),RANK(E1000,$E$9:$E$1000,0)+COUNTIF($E$9:E1000,E1000)-1+MAX(C$5:C$1000),"") | G1000: =IF(AND(Registro!D999="Abierto",Registro!E999="Media"),Registro!B999,"") | H1000: =IF(AND(Registro!D999="Abierto",Registro!E999="Media"),TODAY()-Registro!R999,"") | I1000: =IF(AND(Registro!D999="Abierto",Registro!E999="Media"),RANK(H1000,$H$9:$H$1000,0)+COUNTIF($H$9:H1000,H1000)-1+MAX(C$5:C$1000,F$5:F$1000),"") | J1000: =IF(AND(Registro!D999="Abierto",Registro!E999="Baja"),Registro!B999,"") | K1000: =IF(AND(Registro!D999="Abierto",Registro!E999="Baja"),TODAY()-Registro!R999,"") | L1000: =IF(AND(Registro!D999="Abierto",Registro!E999="Baja"),RANK(K1000,$K$9:$K$1000,0)+COUNTIF($K$9:K1000,K1000)-1+MAX(C$5:C$1000,F$5:F$1000,I$5:I$1000),"") | M1000: =IF(OR(Registro!D999="Resuelto",Registro!D999=""),"",SUM(C1000,F1000,I1000,L1000)) | N1000: =IF(OR(Registro!D999="Resuelto",Registro!D999=""),"",SUM(B1000,E1000,H1000,K1000)) | O1000: =IF(OR(Registro!D999="Resuelto",Registro!D999=""),"",_xlfn.CONCAT(A1000,D1000,G1000,J1000)) | P1000: 992 | Q1000: =IF(ISNA(VLOOKUP(P1000,$M$9:$O$1000,3,FALSE))=TRUE,"",VLOOKUP(P1000,$M$9:$O$1000,3,FALSE)) | R1000: =IF(ISNA(VLOOKUP(P1000,$M$9:$O$1000,2,FALSE))=TRUE,"",VLOOKUP(P1000,$M$9:$O$1000,2,FALSE)) | W1000: =IF(X1000="","",MAX($W$5:W999)+1) | X1000: =IF(Registro!M999="","",IF(COUNTIF($X$8:X999,Registro!M999)=0,Registro!M999,"")) | Y1000: =IF(ISNA(VLOOKUP(P1000,$W$9:$X$1000,2,FALSE))=TRUE,"",VLOOKUP(P1000,$W$9:$X$1000,2,FALSE))

Sheet Listas
A1: Nombres
A2: Gestor 1
A3: Gestor 2
A4: Gestor 3
A5: Gestor 4
A6: Gestor 5
A9: Modalidad
A10: Presencial
A11: Virtual Sincrónico
A12: Virtual Asincrónico
A13: Mixto
A15: Dependencias
... A57: Mixto

Sheet Registro
B1: Control de Ejecución de Eventos Formativos
B7: Ticket # | C7: Link del Ticket | D7: Estado | E7: Prioridad | F7: Tipo de evento | G7: Programa | H7: Evento Formativo según PFA / Extraordinario | I7: Trasladado por: | J7: Fecha de ingreso | K7: Dependencia | L7: Fecha de Asignación | M7: Asignado a: | N7: Código de insumo | O7: Nombre del código de insumo | P7: Requisición | Q7: Costo Docente | R7: Inicio del Evento | S7: Fin del Evento | T7: R/N | U7: Grupos programados | V7: Sesiones por grupo | W7: Grupos Atendidos | X7: Grupos No Iniciados | Y7: Grupos en proceso | Z7: Total de sesiones | AA7: Sesiones terminadas | AB7: Sesiones faltantes | AC7: Tipo docente | AD7: Observaciones
B8: 6262-PFIN-26 | C8: https://sistema-eventos.edu.gt/ticket?id=8 | D8: Resuelto | E8: Baja | F8: Virtual Sincrónico | H8: Curso 1 | I8: Mesa de Entrada | J8: 46226.626 | K8: Dependencia 8 | L8: 46227.59 | M8: Gestor 1 | R8: 46272 | S8: 46275 | T8: =IF(U8="","",IF(U8=W8,1,0)) -> 1 | U8: 2 | V8: 2 | W8: =IF(B8="","",COUNTIFS(Ejecucion[No. Solicitud],Registro!B8,Ejecucion[Estado],"Finalizado")) -> 2 | X8: =IF(B8="","",COUNTIFS(Ejecucion[No. Solicitud],Registro!B8,Ejecucion[Estado],"No Iniciado")) -> 0 | Y8: =IF(B8="","",COUNTIFS(Ejecucion[No. Solicitud],Registro!B8,Ejecucion[Estado],"En Proceso")) -> 0 | Z8: =IF(U8="","",IF(F8="Virtual Asincrónico",1,V8*U8)) -> 4 | AC8: Cooperante | AD8: CAMBIO DINÁMICO: Interno a Externo
B9: 6261-PFIN-26 | C9: https://sistema-eventos.edu.gt/ticket?id=9 | D9: Resuelto | E9: Baja | F9: Virtual Asincrónico | H9: Curso 2 | I9: Mesa de Entrada | J9: 46225.41 | K9: Varias Dependencias | L9: 46227.602 | M9: Gestor 4 | R9: 46259 | S9: 46265 | T9: =IF(U9="","",IF(U9=W9,1,0)) -> 0 | U9: 2 | V9: 2 | W9: =IF(B9="","",COUNTIFS(Ejecucion[No. Solicitud],Registro!B9,Ejecucion[Estado],"Finalizado")) -> 1 | X9: =IF(B9="","",COUNTIFS(Ejecucion[No. Solicitud],Registro!B9,Ejecucion[Estado],"No Iniciado")) -> 0 | Y9: =IF(B9="","",COUNTIFS(Ejecucion[No. Solicitud],Registro!B9,Ejecucion[Estado],"En Proceso")) -> 0 | Z9: =IF(U9="","",IF(F9="Virtual Asincrónico",1,V9*U9)) -> 1 | AC9: Interno | AD9: TRASLADO A DFV - Ruta B
B10: 6275-PFIN-26 | C10: https://sistema-eventos.edu.gt/ticket?id=10 | D10: Resuelto | E10: Baja | F10: Presencial | H10: Curso 3 | I10: Mesa de Entrada | J10: 46234.672 | K10: Varias Dependencias | L10: 46237.353 | M10: Gestor 5 | R10: 46246 | S10: 46247 | T10: =IF(U10="","",IF(U10=W10,1,0)) -> 1 | U10: 2 | V10: 1 | W10: =IF(B10="","",COUNTIFS(Ejecucion[No. Solicitud],Registro!B10,Ejecucion[Estado],"Finalizado")) -> 2 | X10: 1 | Y10: 1 | Z10: =IF(U10="","",IF(F10="Virtual Asincrónico",1,V10*U10)) -> 2 | AA10: 1 | AB10: 1 | AC10: Interno | AD10: OBLIGATORIO - Docente Nuevo
B11: 6276-PFIN-26 | C11: https://sistema-eventos.edu.gt/ticket?id=11 | D11: Resuelto | E11: Baja | F11: Presencial | H11: Curso 4 | I11: Mesa de Entrada | J11: 46237.407 | K11: Dependencia 4 | L11: 46237.442 | M11: Gestor 3 | N11: 167663 | O11: Capacitación sobre detección de mentiras en la entrevista laboral | P11: 26-17046 | R11: 46261 | S11: 46275 | T11: =IF(U11="","",IF(U11=W11,1,0)) -> 1 | U11: 2 | V11: 2 | W11: =IF(B11="","",COUNTIFS(Ejecucion[No. Solicitud],Registro!B11,Ejecucion[Estado],"Finalizado")) -> 2 | X11: =IF(B11="","",COUNTIFS(Ejecucion[No. Solicitud],Registro!B11,Ejecucion[Estado],"No Iniciado")) -> 0 | Y11: =IF(B11="","",COUNTIFS(Ejecucion[No. Solicitud],Registro!B11,Ejecucion[Estado],"En Proceso")) -> 0 | Z11: =IF(U11="","",IF(F11="Virtual Asincrónico",1,V11*U11)) -> 4 | AC11: Externo | AD11: OBLIGATORIO - Docente Nuevo
B12: 6278-PFIN-26 | C12: https://sistema-eventos.edu.gt/ticket?id=12 | D12: Resuelto | E12: Baja | F12: Presencial | H12: Curso 5 | I12: Mesa de Entrada | J12: 46237.595 | K12: Dependencia 4 | L12: 46238.394 | M12: Gestor 5 | R12: 46274 | S12: 46275 | T12: =IF(U12="","",IF(U12=W12,1,0)) -> 1 | U12: 2 | V12: 2 | W12: =IF(B12="","",COUNTIFS(Ejecucion[No. Solicitud],Registro!B12,Ejecucion[Estado],"Finalizado")) -> 2 | X12: =IF(B12="","",COUNTIFS(Ejecucion[No. Solicitud],Registro!B12,Ejecucion[Estado],"No Iniciado")) -> 0 | Y12: =IF(B12="","",COUNTIFS(Ejecucion[No. Solicitud],Registro!B12,Ejecucion[Estado],"En Proceso")) -> 0 | Z12: =IF(U12="","",IF(F12="Virtual Asincrónico",1,V12*U12)) -> 4 | AC12: Interno | AD12: CAMBIO DINÁMICO: Interno a Externo
B13: 6281-PFIN-26 | C13: https://sistema-eventos.edu.gt/ticket?id=13 | D13: Abierto | E13: Baja | F13: Virtual Sincrónico | H13: Curso 6 | I13: Mesa de Entrada | J13: 46238.34 | K13: Dependencia 4 | L13: 46238.44 | M13: Gestor 3 | N13: 194323 | O13: Capacitación sobre el tema investigaciones internas forense corporativo | P13: 26-18548. | Q13: 10500 | R13: 46308 | S13: 46325 | T13: =IF(U13="","",IF(U13=W13,1,0)) -> 0 | U13: 2 | V13: 3 | W13: =IF(B13="","",COUNTIFS(Ejecucion[No. Solicitud],Registro!B13,Ejecucion[Estado],"Finalizado")) -> 0 | X13: =IF(B13="","",COUNTIFS(Ejecucion[No. Solicitud],Registro!B13,Ejecucion[Estado],"No Iniciado")) -> 0 | Y13: =IF(B13="","",COUNTIFS(Ejecucion[No. Solicitud],Registro!B13,Ejecucion[Estado],"En Proceso")) -> 2 | Z13: =IF(U13="","",IF(F13="Virtual Asincrónico",1,V13*U13)) -> 6 | AC13: Externo | AD13: OBLIGATORIO - Tema Nuevo
B14: 6283-PFIN-26 | C14: https://sistema-eventos.edu.gt/ticket?id=14 | D14: Abierto | E14: Baja | F14: Virtual Sincrónico | H14: Curso 7 | I14: Mesa de Entrada | J14: 46238.416 | K14: Varias Dependencias | L14: 46238.44 | M14: Gestor 4 | R14: 46304 | S14: 46311 | T14: =IF(U14="","",IF(U14=W14,1,0)) -> 0 | U14: 1 | V14: 2 | W14: =IF(B14="","",COUNTIFS(Ejecucion[No. Solicitud],Registro!B14,Ejecucion[Estado],"Finalizado")) -> 0 | X14: =IF(B14="","",COUNTIFS(Ejecucion[No. Solicitud],Registro!B14,Ejecucion[Estado],"No Iniciado")) -> 0 | Y14: =IF(B14="","",COUNTIFS(Ejecucion[No. Solicitud],Registro!B14,Ejecucion[Estado],"En Proceso")) -> 1 | Z14: =IF(U14="","",IF(F14="Virtual Asincrónico",1,V14*U14)) -> 2 | AC14: Cooperante | AD14: OBLIGATORIO - Primera Vez
B15: 6284-PFIN-26 | C15: https://sistema-eventos.edu.gt/ticket?id=15 | D15: Abierto | E15: Baja | F15: Virtual Sincrónico | H15: Curso 8 | I15: Mesa de Entrada | J15: 46238.419 | K15: Dependencia 4 | L15: 46238.441 | M15: Gestor 1 | N15: 201376 | O15: Capacitación sobre el tema análisis socioeconómico financiero | P15: 26-21929 | R15: 46329 | S15: 46332 | T15: =IF(U15="","",IF(U15=W15,1,0)) -> 0 | U15: 2 | V15: 2 | W15: =IF(B15="","",COUNTIFS(Ejecucion[No. Solicitud],Registro!B15,Ejecucion[Estado],"Finalizado")) -> 0 | X15: =IF(B15="","",COUNTIFS(Ejecucion[No. Solicitud],Registro!B15,Ejecucion[Estado],"No Iniciado")) -> 0 | Y15: =IF(B15="","",COUNTIFS(Ejecucion[No. Solicitud],Registro!B15,Ejecucion[Estado],"En Proceso")) -> 2 | Z15: =IF(U15="","",IF(F15="Virtual Asincrónico",1,V15*U15)) -> 4 | AC15: Externo | AD15: OBLIGATORIO - Primera Vez
B16: 6286-PFIN-26 | C16: https://sistema-eventos.edu.gt/ticket?id=16 | D16: Abierto | E16: Baja | F16: Virtual Asincrónico | H16: Curso 9 | I16: Mesa de Entrada | J16: 46240.388 | K16: Dependencia 4 | L16: 46240.625 | M16: Gestor 4 | P16: 26-18209 | R16: 46350 | S16: 46356 | T16: =IF(U16="","",IF(U16=W16,1,0)) -> 0 | U16: 1 | V16: 5 | W16: =IF(B16="","",COUNTIFS(Ejecucion[No. Solicitud],Registro!B16,Ejecucion[Estado],"Finalizado")) -> 0 | X16: =IF(B16="","",COUNTIFS(Ejecucion[No. Solicitud],Registro!B16,Ejecucion[Estado],"No Iniciado")) -> 0 | Y16: =IF(B16="","",COUNTIFS(Ejecucion[No. Solicitud],Registro!B16,Ejecucion[Estado],"En Proceso")) -> 1 | Z16: =IF(U16="","",IF(F16="Virtual Asincrónico",1,V16*U16)) -> 1 | AC16: Interno | AD16: TRASLADO A DFV - Ruta B
B17: 6288-PFIN-26 | C17: https://sistema-eventos.edu.gt/ticket?id=17 | D17: Resuelto | E17: Baja | F17: Presencial | H17: Curso 10 | I17: Mesa de Entrada | J17: 46241.464 | K17: Varias Dependencias | L17: 46240.626 | M17: Gestor 2 | N17: 80994 | O17: Capacitación sobre el manejo de bizagi (modelo y notación de procesos de negocio) | P17: 26-17547 | Q17: 14336 | R17: 46282 | S17: 46283 | T17: =IF(U17="","",IF(U17=W17,1,0)) -> 1 | U17: 2 | V17: 1 | W17: =IF(B17="","",COUNTIFS(Ejecucion[No. Solicitud],Registro!B17,Ejecucion[Estado],"Finalizado")) -> 2 | X17: =IF(B17="","",COUNTIFS(Ejecucion[No. Solicitud],Registro!B17,Ejecucion[Estado],"No Iniciado")) -> 0 | Y17: =IF(B17="","",COUNTIFS(Ejecucion[No. Solicitud],Registro!B17,Ejecucion[Estado],"En Proceso")) -> 0 | Z17: =IF(U17="","",IF(F17="Virtual Asincrónico",1,V17*U17)) -> 2 | AC17: Externo | AD17: OBLIGATORIO - Primera Vez
B18: 6282-PFIN-26 | C18: https://sistema-eventos.edu.gt/ticket?id=18 | D18: Resuelto | E18: Alta | F18: Presencial | H18: Curso 11 | I18: Mesa de Entrada | J18: 46240.299 | K18: Varias Dependencias | L18: 46240.628 | M18: Gestor 5 | N18: 201374 | O18: Capacitación sobre el tema identificación de documentos falsos | P18: 26-18481 | R18: 46262 | S18: 46262 | T18: =IF(U18="","",IF(U18=W18,1,0)) -> 0 | U18: 1 | V18: 1 | W18: =IF(B18="","",COUNTIFS(Ejecucion[No. Solicitud],Registro!B18,Ejecucion[Estado],"Finalizado")) -> 0 | X18: =IF(B18="","",COUNTIFS(Ejecucion[No. Solicitud],Registro!B18,Ejecucion[Estado],"No Iniciado")) -> 0 | Y18: =IF(B18="","",COUNTIFS(Ejecucion[No. Solicitud],Registro!B18,Ejecucion[Estado],"En Proceso")) -> 1 | Z18: =IF(U18="","",IF(F18="Virtual Asincrónico",1,V18*U18)) -> 1 | AC18: Externo | AD18: CAMBIO DINÁMICO: Interno a Externo
B19: 6289-PFIN-26 | C19: https://sistema-eventos.edu.gt/ticket?id=19 | D19: Cancelado | E19: Baja | F19: Presencial | H19: Curso 12 | I19: Mesa de Entrada | J19: 46240.619 | K19: Varias Dependencias | L19: 46240.63 | M19: Gestor 5 | N19: 117594 | O19: Capacitación para integración de equipos de alto desempeño | P19: 26-17574 | R19: 46308 | S19: 46318 | T19: =IF(U19="","",IF(U19=W19,1,0)) -> 0 | U19: 5 | V19: 1 | W19: =IF(B19="","",COUNTIFS(Ejecucion[No. Solicitud],Registro!B19,Ejecucion[Estado],"Finalizado")) -> 0 | X19: =IF(B19="","",COUNTIFS(Ejecucion[No. Solicitud],Registro!B19,Ejecucion[Estado],"No Iniciado")) -> 0 | Y19: =IF(B19="","",COUNTIFS(Ejecucion[No. Solicitud],Registro!B19,Ejecucion[Estado],"En Proceso")) -> 0 | Z19: =IF(U19="","",IF(F19="Virtual Asincrónico",1,V19*U19)) -> 5 | AC19: Externo | AD19: OBLIGATORIO - Docente Nuevo
B20: 6290-PFIN-26 | C20: https://sistema-eventos.edu.gt/ticket?id=20 | D20: Resuelto | E20: Media | F20: Presencial | H20: Curso 13 | I20: Mesa de Entrada | J20: 46240.66 | K20: Varias Dependencias | L20: 46241.354 | M20: Gestor 4 | R20: 46268 | S20: 46275 | T20: =IF(U20="","",IF(U20=W20,1,0)) -> 1 | U20: 2 | V20: 1 | W20: =IF(B20="","",COUNTIFS(Ejecucion[No. Solicitud],Registro!B20,Ejecucion[Estado],"Finalizado")) -> 2 | X20: =IF(B20="","",COUNTIFS(Ejecucion[No. Solicitud],Registro!B20,Ejecucion[Estado],"No Iniciado")) -> 0 | Y20: =IF(B20="","",COUNTIFS(Ejecucion[No. Solicitud],Registro!B20,Ejecucion[Estado],"En Proceso")) -> 0 | Z20: =IF(U20="","",IF(F20="Virtual Asincrónico",1,V20*U20)) -> 2 | AC20: Interno | AD20: CAMBIO DINÁMICO: Interno a Externo
B21: 6291-PFIN-26 | C21: https://sistema-eventos.edu.gt/ticket?id=21 | D21: Resuelto | E21: Media | F21: Presencial | H21: Curso 14 | I21: Mesa de Entrada | J21: 46240.673 | K21: Varias Dependencias | L21: 46241.355 | M21: Gestor 3 | R21: 46272 | S21: 46272 | T21: =IF(U21="","",IF(U21=W21,1,0)) -> 1 | U21: 1 | V21: 1 | W21: =IF(B21="","",COUNTIFS(Ejecucion[No. Solicitud],Registro!B21,Ejecucion[Estado],"Finalizado")) -> 1 | X21: =IF(B21="","",COUNTIFS(Ejecucion[No. Solicitud],Registro!B21,Ejecucion[Estado],"No Iniciado")) -> 0 | Y21: =IF(B21="","",COUNTIFS(Ejecucion[No. Solicitud],Registro!B21,Ejecucion[Estado],"En Proceso")) -> 0 | Z21: =IF(U21="","",IF(F21="Virtual Asincrónico",1,V21*U21)) -> 1 | AC21: Interno | AD21: CAMBIO DINÁMICO: Interno a Externo
B22: 6292-PFIN-26 | C22: https://sistema-eventos.edu.gt/ticket?id=22 | D22: Resuelto | E22: Media | F22: Presencial | H22: Curso 15 | I22: Mesa de Entrada | J22: 46241.499 | K22: Dependencia 1 | L22: 46241.552 | M22: Gestor 4 | R22: 46272 | S22: 46273 | T22: =IF(U22="","",IF(U22=W22,1,0)) -> 1 | U22: 2 | V22: 1 | W22: =IF(B22="","",COUNTIFS(Ejecucion[No. Solicitud],Registro!B22,Ejecucion[Estado],"Finalizado")) -> 2 | X22: =IF(B22="","",COUNTIFS(Ejecucion[No. Solicitud],Registro!B22,Ejecucion[Estado],"No Iniciado")) -> 0 | Y22: =IF(B22="","",COUNTIFS(Ejecucion[No. Solicitud],Registro!B22,Ejecucion[Estado],"En Proceso")) -> 0 | Z22: =IF(U22="","",IF(F22="Virtual Asincrónico",1,V22*U22)) -> 2 | AC22: Interno | AD22: REGULAR - Muestreo Aleatorio
B23: 6294-PFIN-26 | C23: https://sistema-eventos.edu.gt/ticket?id=23 | D23: Abierto | E23: Baja | F23: Presencial | H23: Curso 16 | I23: Mesa de Entrada | J23: 46241.565 | K23: Varias Dependencias | L23: 46241.57 | M23: Gestor 3 | N23: 194323 | O23: Curso de Alto Desempeño y Protocolo | P23: 26-17535 | R23: 46308 | S23: 46324 | T23: =IF(U23="","",IF(U23=W23,1,0)) -> 0 | U23: 3 | V23: 2 | W23: =IF(B23="","",COUNTIFS(Ejecucion[No. Solicitud],Registro!B23,Ejecucion[Estado],"Finalizado")) -> 0 | X23: =IF(B23="","",COUNTIFS(Ejecucion[No. Solicitud],Registro!B23,Ejecucion[Estado],"No Iniciado")) -> 0 | Y23: =IF(B23="","",COUNTIFS(Ejecucion[No. Solicitud],Registro!B23,Ejecucion[Estado],"En Proceso")) -> 3 | Z23: =IF(U23="","",IF(F23="Virtual Asincrónico",1,V23*U23)) -> 6 | AC23: Externo | AD23: OBLIGATORIO - Docente Nuevo
B24: 6296-EXTNN-26 | C24: https://sistema-eventos.edu.gt/ticket?id=24 | D24: Resuelto | E24: Urgente | F24: Virtual Sincrónico | H24: Curso 17 | I24: Mesa de Entrada | J24: 46241.59 | K24: Varias Dependencias | L24: 46241.615 | M24: Gestor 3 | R24: 46246 | S24: 46247 | T24: =IF(U24="","",IF(U24=W24,1,0)) -> 0 | U24: 1 | V24: 2 | W24: =IF(B24="","",COUNTIFS(Ejecucion[No. Solicitud],Registro!B24,Ejecucion[Estado],"Finalizado")) -> 0 | X24: =IF(B24="","",COUNTIFS(Ejecucion[No. Solicitud],Registro!B24,Ejecucion[Estado],"No Iniciado")) -> 0 | Y24: =IF(B24="","",COUNTIFS(Ejecucion[No. Solicitud],Registro!B24,Ejecucion[Estado],"En Proceso")) -> 1 | Z24: =IF(U24="","",IF(F24="Virtual Asincrónico",1,V24*U24)) -> 2 | AC24: Interno | AD24: REGULAR - Muestreo Aleatorio
B25: 6297-PFIN-26 | C25: https://sistema-eventos.edu.gt/ticket?id=25 | D25: Abierto | E25: Baja | F25: Presencial | H25: Curso 18 | I25: Mesa de Entrada | J25: 46241.597 | K25: Varias Dependencias | L25: 46241.615 | M25: Gestor 1 | N25: 130088 | O25: Curso sobre las herramientas y procedimientos para medición de combustible | P25: 26-17544 | R25: 46300 | S25: 46308 | T25: =IF(U25="","",IF(U25=W25,1,0)) -> 0 | U25: 2 | V25: 2 | W25: =IF(B25="","",COUNTIFS(Ejecucion[No. Solicitud],Registro!B25,Ejecucion[Estado],"Finalizado")) -> 0 | X25: =IF(B25="","",COUNTIFS(Ejecucion[No. Solicitud],Registro!B25,Ejecucion[Estado],"No Iniciado")) -> 0 | Y25: =IF(B25="","",COUNTIFS(Ejecucion[No. Solicitud],Registro!B25,Ejecucion[Estado],"En Proceso")) -> 2 | Z25: =IF(U25="","",IF(F25="Virtual Asincrónico",1,V25*U25)) -> 4 | AC25: Externo | AD25: REGULAR - Muestreo Aleatorio
B26: 6295-PFIN-26 | C26: https://sistema-eventos.edu.gt/ticket?id=26 | D26: Abierto | E26: Media | F26: Presencial | H26: Curso 19 | I26: Mesa de Entrada | J26: 46241.578 | K26: Varias Dependencias | L26: 46282.384 | M26: Gestor 5 | R26: 46314 | S26: 46321 | T26: =IF(U26="","",IF(U26=W26,1,0)) -> 0 | U26: 2 | V26: 1 | W26: =IF(B26="","",COUNTIFS(Ejecucion[No. Solicitud],Registro!B26,Ejecucion[Estado],"Finalizado")) -> 0 | X26: =IF(B26="","",COUNTIFS(Ejecucion[No. Solicitud],Registro!B26,Ejecucion[Estado],"No Iniciado")) -> 0 | Y26: =IF(B26="","",COUNTIFS(Ejecucion[No. Solicitud],Registro!B26,Ejecucion[Estado],"En Proceso")) -> 2 | Z26: =IF(U26="","",IF(F26="Virtual Asincrónico",1,V26*U26)) -> 2 | AC26: Interno | AD26: OBLIGATORIO - Docente Nuevo
B27: 6298-PFIN-26 | C27: https://sistema-eventos.edu.gt/ticket?id=27 | D27: Resuelto | E27: Media | F27: Presencial | H27: Curso 20 | I27: Mesa de Entrada | J27: 46244.369 | K27: Varias Dependencias | L27: 46244.485 | M27: Gestor 4 | R27: 46287 | S27: 46288 | T27: =IF(U27="","",IF(U27=W27,1,0)) -> 1 | U27: 2 | V27: 1 | W27: =IF(B27="","",COUNTIFS(Ejecucion[No. Solicitud],Registro!B27,Ejecucion[Estado],"Finalizado")) -> 2 | X27: =IF(B27="","",COUNTIFS(Ejecucion[No. Solicitud],Registro!B27,Ejecucion[Estado],"No Iniciado")) -> 0 | Y27: =IF(B27="","",COUNTIFS(Ejecucion[No. Solicitud],Registro!B27,Ejecucion[Estado],"En Proceso")) -> 0 | Z27: =IF(U27="","",IF(F27="Virtual Asincrónico",1,V27*U27)) -> 2 | AC27: Interno | AD27: OBLIGATORIO - Docente Nuevo
B28: 6299-PFIN-26 | C28: https://sistema-eventos.edu.gt/ticket?id=28 | D28: Abierto | E28: Baja | F28: Presencial | H28: Curso 21 | I28: Mesa de Entrada | J28: 46244.458 | K28: Varias Dependencias | L28: 46244.483 | M28: Gestor 2 | N28: 199042 | O28: Capacitación sobre el tema de curso de casos prácticos sobre la determinación del impuesto sobre la renta en empresas productoras de café | P28: 26-18209 | R28: 46310 | S28: 46311 | T28: =IF(U28="","",IF(U28=W28,1,0)) -> 0 | U28: 2 | V28: 1 | W28: =IF(B28="","",COUNTIFS(Ejecucion[No. Solicitud],Registro!B28,Ejecucion[Estado],"Finalizado")) -> 0 | X28: =IF(B28="","",COUNTIFS(Ejecucion[No. Solicitud],Registro!B28,Ejecucion[Estado],"No Iniciado")) -> 0 | Y28: =IF(B28="","",COUNTIFS(Ejecucion[No. Solicitud],Registro!B28,Ejecucion[Estado],"En Proceso")) -> 2 | Z28: =IF(U28="","",IF(F28="Virtual Asincrónico",1,V28*U28)) -> 2 | AC28: Cooperante | AD28: OBLIGATORIO - Docente Nuevo
B29: 6304-PFIN-26 | C29: https://sistema-eventos.edu.gt/ticket?id=29 | D29: Abierto | E29: Media | F29: Virtual Asincrónico | H29: Curso 22 | I29: Mesa de Entrada | J29: 46245.349 | K29: Varias Dependencias | L29: 46245.452 | M29: Gestor 4 | R29: 46266 | S29: 46266 | T29: =IF(U29="","",IF(U29=W29,1,0)) -> 0 | U29: 1 | V29: 5 | W29: =IF(B29="","",COUNTIFS(Ejecucion[No. Solicitud],Registro!B29,Ejecucion[Estado],"Finalizado")) -> 0 | X29: =IF(B29="","",COUNTIFS(Ejecucion[No. Solicitud],Registro!B29,Ejecucion[Estado],"No Iniciado")) -> 0 | Y29: =IF(B29="","",COUNTIFS(Ejecucion[No. Solicitud],Registro!B29,Ejecucion[Estado],"En Proceso")) -> 0 | Z29: =IF(U29="","",IF(F29="Virtual Asincrónico",1,V29*U29)) -> 1 | AC29: Interno | AD29: TRASLADO A DFV - Ruta B
B30: 6305-PFIN-26 | C30: https://sistema-eventos.edu.gt/ticket?id=30 | D30: Abierto | E30: Media | F30: Virtual Asincrónico | H30: Curso 23 | I30: Mesa de Entrada | J30: 46245.349 | K30: Varias Dependencias | L30: 46245.453 | M30: Gestor 4 | R30: 46266 | S30: 46266 | T30: =IF(U30="","",IF(U30=W30,1,0)) -> 0 | U30: 1 | V30: 5 | W30: =IF(B30="","",COUNTIFS(Ejecucion[No. Solicitud],Registro!B30,Ejecucion[Estado],"Finalizado")) -> 0 | X30: =IF(B30="","",COUNTIFS(Ejecucion[No. Solicitud],Registro!B30,Ejecucion[Estado],"No Iniciado")) -> 0 | Y30: =IF(B30="","",COUNTIFS(Ejecucion[No. Solicitud],Registro!B30,Ejecucion[Estado],"En Proceso")) -> 0 | Z30: =IF(U30="","",IF(F30="Virtual Asincrónico",1,V30*U30)) -> 1 | AC30: Interno | AD30: TRASLADO A DFV - Ruta B
B31: 6306-PFIN-26 | C31: https://sistema-eventos.edu.gt/ticket?id=31 | D31: Abierto | E31: Media | F31: Virtual Asincrónico | H31: Curso 24 | I31: Mesa de Entrada | J31: 46245.351 | K31: Varias Dependencias | L31: 46245.453 | M31: Gestor 4 | R31: 46266 | S31: 46266 | T31: =IF(U31="","",IF(U31=W31,1,0)) -> 0 | U31: 1 | V31: 5 | W31: =IF(B31="","",COUNTIFS(Ejecucion[No. Solicitud],Registro!B31,Ejecucion[Estado],"Finalizado")) -> 0 | X31: =IF(B31="","",COUNTIFS(Ejecucion[No. Solicitud],Registro!B31,Ejecucion[Estado],"No Iniciado")) -> 0 | Y31: =IF(B31="","",COUNTIFS(Ejecucion[No. Solicitud],Registro!B31,Ejecucion[Estado],"En Proceso")) -> 0 | Z31: =IF(U31="","",IF(F31="Virtual Asincrónico",1,V31*U31)) -> 1 | AC31: Cooperante | AD31: TRASLADO A DFV - Ruta B
B32: 6312-PFIN-26 | C32: https://sistema-eventos.edu.gt/ticket?id=32 | D32: Resuelto | E32: Baja | F32: Presencial | H32: Curso 25 | I32: Mesa de Entrada | J32: 46251.311 | K32: Dependencia 3 | L32: 46251.334 | M32: Gestor 1 | N32: 110089 | O32: Capacitación en redes y telecomunicaciones | P32: 26-18204 | Q32: 8000 | R32: 46287 | S32: 46287 | T32: =IF(U32="","",IF(U32=W32,1,0)) -> 1 | U32: 1 | V32: 1 | W32: =IF(B32="","",COUNTIFS(Ejecucion[No. Solicitud],Registro!B32,Ejecucion[Estado],"Finalizado")) -> 1 | X32: =IF(B32="","",COUNTIFS(Ejecucion[No. Solicitud],Registro!B32,Ejecucion[Estado],"No Iniciado")) -> 0 | Y32: =IF(B32="","",COUNTIFS(Ejecucion[No. Solicitud],Registro!B32,Ejecucion[Estado],"En Proceso")) -> 0 | Z32: =IF(U32="","",IF(F32="Virtual Asincrónico",1,V32*U32)) -> 1 | AC32: Cooperante | AD32: OBLIGATORIO - Docente Nuevo
B33: 6313-PFIN-26 | C33: https://sistema-eventos.edu.gt/ticket?id=33 | D33: Abierto | E33: Baja | F33: Virtual Asincrónico | H33: Curso 26 | I33: Mesa de Entrada | J33: 46251.344 | K33: Varias Dependencias | L33: 46251.345 | M33: Gestor 5 | N33: 125177 | O33: Curso sobre técnicas de negociación y comunicación asertiva | P33: 26-19540 | Q33: 8800 | R33: 46316 | S33: 46323 | T33: =IF(U33="","",IF(U33=W33,1,0)) -> 0 | U33: 1 | V33: 5 | W33: =IF(B33="","",COUNTIFS(Ejecucion[No. Solicitud],Registro!B33,Ejecucion[Estado],"Finalizado")) -> 0 | X33: =IF(B33="","",COUNTIFS(Ejecucion[No. Solicitud],Registro!B33,Ejecucion[Estado],"No Iniciado")) -> 0 | Y33: =IF(B33="","",COUNTIFS(Ejecucion[No. Solicitud],Registro!B33,Ejecucion[Estado],"En Proceso")) -> 1 | Z33: =IF(U33="","",IF(F33="Virtual Asincrónico",1,V33*U33)) -> 1 | AC33: Cooperante | AD33: TRASLADO A DFV - Ruta B
B34: 6315-PFIN-26 | C34: https://sistema-eventos.edu.gt/ticket?id=34 | D34: Resuelto | E34: Media | F34: Virtual Sincrónico | H34: Curso 27 | I34: Mesa de Entrada | J34: 46253.426 | K34: Varias Dependencias | L34: 46253.46 | M34: Gestor 2 | N34: 69221 | O34: Curso de jurisprudencia y sentencia | P34: 26-18315 | Q34: 9000 | R34: 46286 | S34: 46293 | T34: =IF(U34="","",IF(U34=W34,1,0)) -> 1 | U34: 2 | V34: 3 | W34: =IF(B34="","",COUNTIFS(Ejecucion[No. Solicitud],Registro!B34,Ejecucion[Estado],"Finalizado")) -> 2 | X34: =IF(B34="","",COUNTIFS(Ejecucion[No. Solicitud],Registro!B34,Ejecucion[Estado],"No Iniciado")) -> 0 | Y34: =IF(B34="","",COUNTIFS(Ejecucion[No. Solicitud],Registro!B34,Ejecucion[Estado],"En Proceso")) -> 0 | Z34: =IF(U34="","",IF(F34="Virtual Asincrónico",1,V34*U34)) -> 6 | AC34: Externo | AD34: OBLIGATORIO - Primera Vez
B35: 6316-PFIN-26 | C35: https://sistema-eventos.edu.gt/ticket?id=35 | D35: Abierto | E35: Baja | F35: Presencial | H35: Curso 28 | I35: Mesa de Entrada | J35: 46253.438 | K35: Varias Dependencias | L35: 46253.46 | M35: Gestor 2 | N35: 106096 | O35: Curso sobre impugnaciones y medios de impugnación | P35: 26-18318 | Q35: 8000 | R35: 46300 | S35: 46309 | T35: =IF(U35="","",IF(U35=W35,1,0)) -> 0 | U35: 2 | V35: 2 | W35: =IF(B35="","",COUNTIFS(Ejecucion[No. Solicitud],Registro!B35,Ejecucion[Estado],"Finalizado")) -> 0 | X35: =IF(B35="","",COUNTIFS(Ejecucion[No. Solicitud],Registro!B35,Ejecucion[Estado],"No Iniciado")) -> 0 | Y35: =IF(B35="","",COUNTIFS(Ejecucion[No. Solicitud],Registro!B35,Ejecucion[Estado],"En Proceso")) -> 2 | Z35: =IF(U35="","",IF(F35="Virtual Asincrónico",1,V35*U35)) -> 4 | AC35: Externo | AD35: CAMBIO DINÁMICO: Interno a Externo
B36: 6319-PFIN-26 | C36: https://sistema-eventos.edu.gt/ticket?id=36 | D36: Abierto | E36: Baja | F36: Presencial | H36: Curso 29 | I36: Mesa de Entrada | J36: 46254.292 | K36: Varias Dependencias | L36: 46254.422 | M36: Gestor 4 | N36: 124580 | O36: Capacitación de impugnaciones y medios de impugnación con énfasis en la apelación especial y casación | P36: 26-18311 | Q36: 8400 | R36: 46321 | S36: 46324 | T36: =IF(U36="","",IF(U36=W36,1,0)) -> 0 | U36: 2 | V36: 2 | W36: =IF(B36="","",COUNTIFS(Ejecucion[No. Solicitud],Registro!B36,Ejecucion[Estado],"Finalizado")) -> 0 | X36: =IF(B36="","",COUNTIFS(Ejecucion[No. Solicitud],Registro!B36,Ejecucion[Estado],"No Iniciado")) -> 0 | Y36: =IF(B36="","",COUNTIFS(Ejecucion[No. Solicitud],Registro!B36,Ejecucion[Estado],"En Proceso")) -> 2 | Z36: =IF(U36="","",IF(F36="Virtual Asincrónico",1,V36*U36)) -> 4 | AC36: Externo | AD36: CAMBIO DINÁMICO: Interno a Externo
B37: 6320-PFIN-26 | C37: https://sistema-eventos.edu.gt/ticket?id=37 | D37: Abierto | E37: Baja | F37: Virtual Asincrónico | H37: Curso 30 | I37: Mesa de Entrada | J37: 46254.599 | K37: Varias Dependencias | L37: 46254.604 | M37: Gestor 1 | N37: 202069 | O37: Capacitación sobre el impuesto sobre la renta (isr) y su aplicación en materia contencioso administrativa | P37: 26-19784 | Q37: 15000 | R37: 46329 | S37: 46342 | T37: =IF(U37="","",IF(U37=W37,1,0)) -> 0 | U37: 2 | V37: 5 | W37: =IF(B37="","",COUNTIFS(Ejecucion[No. Solicitud],Registro!B37,Ejecucion[Estado],"Finalizado")) -> 0 | X37: =IF(B37="","",COUNTIFS(Ejecucion[No. Solicitud],Registro!B37,Ejecucion[Estado],"No Iniciado")) -> 0 | Y37: =IF(B37="","",COUNTIFS(Ejecucion[No. Solicitud],Registro!B37,Ejecucion[Estado],"En Proceso")) -> 2 | Z37: =IF(U37="","",IF(F37="Virtual Asincrónico",1,V37*U37)) -> 1 | AC37: Cooperante | AD37: TRASLADO A DFV - Ruta B
B38: 6321-PFIN-26 | C38: https://sistema-eventos.edu.gt/ticket?id=38 | D38: Abierto | E38: Baja | F38: Presencial | H38: Curso 31 | I38: Mesa de Entrada | J38: 46254.621 | K38: Varias Dependencias | L38: 46255.309 | M38: Gestor 1 | N38: 202024 | O38: Curso sobre aplicación del procedimiento especial de aceptación de cargos en procesos penales en materia tributaria | P38: 26-19842 | R38: 46349 | S38: 46352 | T38: =IF(U38="","",IF(U38=W38,1,0)) -> 0 | U38: 2 | V38: 2 | W38: =IF(B38="","",COUNTIFS(Ejecucion[No. Solicitud],Registro!B38,Ejecucion[Estado],"Finalizado")) -> 0 | X38: =IF(B38="","",COUNTIFS(Ejecucion[No. Solicitud],Registro!B38,Ejecucion[Estado],"No Iniciado")) -> 0 | Y38: =IF(B38="","",COUNTIFS(Ejecucion[No. Solicitud],Registro!B38,Ejecucion[Estado],"En Proceso")) -> 2 | Z38: =IF(U38="","",IF(F38="Virtual Asincrónico",1,V38*U38)) -> 4 | AC38: Cooperante | AD38: REGULAR - Muestreo Aleatorio
B39: 6322-PFIN-26 | C39: https://sistema-eventos.edu.gt/ticket?id=39 | D39: Abierto | E39: Baja | F39: Presencial | H39: Curso 32 | I39: Mesa de Entrada | J39: 46254.624 | K39: Varias Dependencias | L39: 46255.309 | M39: Gestor 4 | N39: 81994 | O39: Curso sobre origen, tratados y convenios internacionales | P39: 26-19307 | R39: 46353 | S39: 46356 | T39: =IF(U39="","",IF(U39=W39,1,0)) -> 0 | U39: 2 | V39: 1 | W39: =IF(B39="","",COUNTIFS(Ejecucion[No. Solicitud],Registro!B39,Ejecucion[Estado],"Finalizado")) -> 0 | X39: =IF(B39="","",COUNTIFS(Ejecucion[No. Solicitud],Registro!B39,Ejecucion[Estado],"No Iniciado")) -> 0 | Y39: =IF(B39="","",COUNTIFS(Ejecucion[No. Solicitud],Registro!B39,Ejecucion[Estado],"En Proceso")) -> 0 | Z39: =IF(U39="","",IF(F39="Virtual Asincrónico",1,V39*U39)) -> 2 | AC39: Interno | AD39: REGULAR - Muestreo Aleatorio
B40: 6333-PFIN-26 | C40: https://sistema-eventos.edu.gt/ticket?id=40 | D40: Resuelto | E40: Media | F40: Virtual Asincrónico | H40: Curso 33 | I40: Mesa de Entrada | J40: 46259.598 | K40: Varias Dependencias | L40: 46260.297 | M40: Gestor 1 | R40: 46293 | S40: 46325 | T40: =IF(U40="","",IF(U40=W40,1,0)) -> 1 | U40: 1 | V40: 1 | W40: =IF(B40="","",COUNTIFS(Ejecucion[No. Solicitud],Registro!B40,Ejecucion[Estado],"Finalizado")) -> 1 | X40: =IF(B40="","",COUNTIFS(Ejecucion[No. Solicitud],Registro!B40,Ejecucion[Estado],"No Iniciado")) -> 0 | Y40: =IF(B40="","",COUNTIFS(Ejecucion[No. Solicitud],Registro!B40,Ejecucion[Estado],"En Proceso")) -> 0 | Z40: =IF(U40="","",IF(F40="Virtual Asincrónico",1,V40*U40)) -> 1 | AC40: Cooperante | AD40: TRASLADO A DFV - Ruta B
B41: 6340-PFIN-26 | C41: https://sistema-eventos.edu.gt/ticket?id=41 | D41: Abierto | E41: Baja | F41: Presencial | H41: Curso 34 | I41: Mesa de Entrada | J41: 46261.301 | K41: Dependencia 8 | L41: 46261.457 | M41: Gestor 3 | R41: 46308 | S41: 46308 | T41: =IF(U41="","",IF(U41=W41,1,0)) -> 0 | U41: 1 | V41: 1 | W41: =IF(B41="","",COUNTIFS(Ejecucion[No. Solicitud],Registro!B41,Ejecucion[Estado],"Finalizado")) -> 0 | X41: =IF(B41="","",COUNTIFS(Ejecucion[No. Solicitud],Registro!B41,Ejecucion[Estado],"No Iniciado")) -> 0 | Y41: =IF(B41="","",COUNTIFS(Ejecucion[No. Solicitud],Registro!B41,Ejecucion[Estado],"En Proceso")) -> 1 | Z41: =IF(U41="","",IF(F41="Virtual Asincrónico",1,V41*U41)) -> 1 | AC41: Interno | AD41: OBLIGATORIO - Tema Nuevo
B42: 6341-PFIN-26 | C42: https://sistema-eventos.edu.gt/ticket?id=42 | D42: Abierto | E42: Baja | F42: Presencial | H42: Curso 35 | I42: Mesa de Entrada | J42: 46261.309 | K42: Dependencia 6 | L42: 46261.457 | M42: Gestor 2 | R42: 46316 | S42: 46318 | T42: =IF(U42="","",IF(U42=W42,1,0)) -> 0 | U42: 3 | V42: 1 | W42: =IF(B42="","",COUNTIFS(Ejecucion[No. Solicitud],Registro!B42,Ejecucion[Estado],"Finalizado")) -> 0 | X42: =IF(B42="","",COUNTIFS(Ejecucion[No. Solicitud],Registro!B42,Ejecucion[Estado],"No Iniciado")) -> 0 | Y42: =IF(B42="","",COUNTIFS(Ejecucion[No. Solicitud],Registro!B42,Ejecucion[Estado],"En Proceso")) -> 2 | Z42: =IF(U42="","",IF(F42="Virtual Asincrónico",1,V42*U42)) -> 3 | AC42: Interno | AD42: OBLIGATORIO - Docente Nuevo
B43: 6342-PFIN-26 | C43: https://sistema-eventos.edu.gt/ticket?id=43 | D43: Abierto | E43: Baja | F43: Virtual Asincrónico | H43: Curso 36 | I43: Mesa de Entrada | J43: 46261.319 | K43: Dependencia 6 | L43: 46261.458 | M43: Gestor 4 | R43: 46331 | S43: 46349 | T43: =IF(U43="","",IF(U43=W43,1,0)) -> 0 | U43: 1 | V43: 1 | W43: =IF(B43="","",COUNTIFS(Ejecucion[No. Solicitud],Registro!B43,Ejecucion[Estado],"Finalizado")) -> 0 | X43: =IF(B43="","",COUNTIFS(Ejecucion[No. Solicitud],Registro!B43,Ejecucion[Estado],"No Iniciado")) -> 0 | Y43: =IF(B43="","",COUNTIFS(Ejecucion[No. Solicitud],Registro!B43,Ejecucion[Estado],"En Proceso")) -> 1 | Z43: =IF(U43="","",IF(F43="Virtual Asincrónico",1,V43*U43)) -> 1 | AC43: Interno | AD43: TRASLADO A DFV - Ruta B
B44: 6347-PFIN-26 | C44: https://sistema-eventos.edu.gt/ticket?id=44 | D44: Resuelto | E44: Urgente | F44: Presencial | H44: Curso 37 | I44: Mesa de Entrada | J44: 46262.54 | K44: Varias Dependencias | L44: 46262.567 | M44: Gestor 3 | R44: 46266 | S44: 46273 | T44: =IF(U44="","",IF(U44=W44,1,0)) -> 1 | U44: 4 | V44: 1 | W44: =IF(B44="","",COUNTIFS(Ejecucion[No. Solicitud],Registro!B44,Ejecucion[Estado],"Finalizado")) -> 4 | X44: =IF(B44="","",COUNTIFS(Ejecucion[No. Solicitud],Registro!B44,Ejecucion[Estado],"No Iniciado")) -> 0 | Y44: =IF(B44="","",COUNTIFS(Ejecucion[No. Solicitud],Registro!B44,Ejecucion[Estado],"En Proceso")) -> 0 | Z44: =IF(U44="","",IF(F44="Virtual Asincrónico",1,V44*U44)) -> 4 | AC44: Interno | AD44: OBLIGATORIO - Primera Vez
B45: 6346-PFIN-26 | C45: https://sistema-eventos.edu.gt/ticket?id=45 | D45: Resuelto | E45: Media | F45: Presencial | H45: Curso 38 | I45: Mesa de Entrada | J45: 46262.499 | K45: Varias Dependencias | L45: 46265.395 | M45: Gestor 2 | N45: 44127 | O45: Curso de Primeros Auxilios básicos | P45: 26-19260 | Q45: 24900 | R45: 46289 | S45: 46303 | T45: =IF(U45="","",IF(U45=W45,1,0)) -> 1 | U45: 6 | V45: 1 | W45: =IF(B45="","",COUNTIFS(Ejecucion[No. Solicitud],Registro!B45,Ejecucion[Estado],"Finalizado")) -> 6 | X45: =IF(B45="","",COUNTIFS(Ejecucion[No. Solicitud],Registro!B45,Ejecucion[Estado],"No Iniciado")) -> 0 | Y45: =IF(B45="","",COUNTIFS(Ejecucion[No. Solicitud],Registro!B45,Ejecucion[Estado],"En Proceso")) -> 0 | Z45: =IF(U45="","",IF(F45="Virtual Asincrónico",1,V45*U45)) -> 6 | AC45: Externo | AD45: CAMBIO DINÁMICO: Interno a Externo
B46: 6348-PFIN-26 | C46: https://sistema-eventos.edu.gt/ticket?id=46 | D46: Abierto | E46: Media | F46: Presencial | H46: Curso 39 | I46: Mesa de Entrada | J46: 46265.416 | K46: Varias Dependencias | L46: 46265.418 | M46: Gestor 5 | N46: 117594 | O46: Capacitación para integración de equipos de alto desempeño | R46: 46304 | S46: 46338 | T46: =IF(U46="","",IF(U46=W46,1,0)) -> 0 | U46: 10 | V46: 1 | W46: =IF(B46="","",COUNTIFS(Ejecucion[No. Solicitud],Registro!B46,Ejecucion[Estado],"Finalizado")) -> 0 | X46: =IF(B46="","",COUNTIFS(Ejecucion[No. Solicitud],Registro!B46,Ejecucion[Estado],"No Iniciado")) -> 0 | Y46: =IF(B46="","",COUNTIFS(Ejecucion[No. Solicitud],Registro!B46,Ejecucion[Estado],"En Proceso")) -> 10 | Z46: =IF(U46="","",IF(F46="Virtual Asincrónico",1,V46*U46)) -> 10 | AC46: Externo | AD46: REGULAR - Muestreo Aleatorio
B47: 6285-PFIN-26 | C47: https://sistema-eventos.edu.gt/ticket?id=47 | D47: Abierto | E47: Baja | F47: Virtual Sincrónico | H47: Curso 40 | I47: Mesa de Entrada | J47: 46238.581 | K47: Varias Dependencias | L47: 46238.58 | M47: Gestor 5 | N47: 132721 | O47: Capacitación sobre gestión de talento humano | P47: 26-19239 | Q47: 10500 | R47: 46286 | S47: 46288 | T47: =IF(U47="","",IF(U47=W47,1,0)) -> 0 | U47: 1 | V47: 3 | W47: =IF(B47="","",COUNTIFS(Ejecucion[No. Solicitud],Registro!B47,Ejecucion[Estado],"Finalizado")) -> 0 | X47: =IF(B47="","",COUNTIFS(Ejecucion[No. Solicitud],Registro!B47,Ejecucion[Estado],"No Iniciado")) -> 0 | Y47: =IF(B47="","",COUNTIFS(Ejecucion[No. Solicitud],Registro!B47,Ejecucion[Estado],"En Proceso")) -> 1 | Z47: =IF(U47="","",IF(F47="Virtual Asincrónico",1,V47*U47)) -> 3 | AC47: Externo | AD47: OBLIGATORIO - Tema Nuevo
B48: 6357-PFIN-26 | C48: https://sistema-eventos.edu.gt/ticket?id=48 | D48: Resuelto | E48: Media | F48: Presencial | H48: Curso 41 | I48: Mesa de Entrada | J48: 46269.438 | K48: Dependencia 3 | L48: 46269.451 | M48: Gestor 5 | N48: 202464 | O48: Capacitación team building | P48: 26-20289 | Q48: 24000 | R48: 46286 | S48: 46286 | T48: =IF(U48="","",IF(U48=W48,1,0)) -> 1 | U48: 2 | V48: 1 | W48: =IF(B48="","",COUNTIFS(Ejecucion[No. Solicitud],Registro!B48,Ejecucion[Estado],"Finalizado")) -> 2 | X48: =IF(B48="","",COUNTIFS(Ejecucion[No. Solicitud],Registro!B48,Ejecucion[Estado],"No Iniciado")) -> 0 | Y48: =IF(B48="","",COUNTIFS(Ejecucion[No. Solicitud],Registro!B48,Ejecucion[Estado],"En Proceso")) -> 0 | Z48: =IF(U48="","",IF(F48="Virtual Asincrónico",1,V48*U48)) -> 2 | AC48: Externo | AD48: OBLIGATORIO - Tema Nuevo
B49: 5792-PFAN-26 | C49: https://sistema-eventos.edu.gt/ticket?id=49 | D49: Resuelto | E49: Baja | F49: Virtual Asincrónico | G49: Gobernanza de Datos | H49: Curso 42 | I49: Mesa de Entrada | J49: 46006 | K49: Varias Dependencias | L49: 46006 | M49: Gestor 1 | R49: 46055 | S49: 46181 | T49: =IF(U49="","",IF(U49=W49,1,0)) -> 1 | U49: 3 | V49: 1 | W49: =IF(B49="","",COUNTIFS(Ejecucion[No. Solicitud],Registro!B49,Ejecucion[Estado],"Finalizado")) -> 3 | X49: =IF(B49="","",COUNTIFS(Ejecucion[No. Solicitud],Registro!B49,Ejecucion[Estado],"No Iniciado")) -> 0 | Y49: =IF(B49="","",COUNTIFS(Ejecucion[No. Solicitud],Registro!B49,Ejecucion[Estado],"En Proceso")) -> 0 | Z49: =IF(U49="","",IF(F49="Virtual Asincrónico",1,V49*U49)) -> 1 | AC49: Interno | AD49: TRASLADO A DFV - Ruta B
B50: 5793-PFAN-26 | C50: https://sistema-eventos.edu.gt/ticket?id=50 | D50: Resuelto | E50: Baja | F50: Virtual Asincrónico | G50: Programa 4 | H50: Curso 43 | I50: Mesa de Entrada | J50: 46006 | K50: Varias Dependencias | L50: 46371 | M50: Gestor 1 | R50: 46252 | S50: 46272 | T50: =IF(U50="","",IF(U50=W50,1,0)) -> 1 | U50: 4 | V50: 1 | W50: 4 | X50: =IF(B50="","",COUNTIFS(Ejecucion[No. Solicitud],Registro!B50,Ejecucion[Estado],"No Iniciado")) -> 0 | Y50: =IF(B50="","",COUNTIFS(Ejecucion[No. Solicitud],Registro!B50,Ejecucion[Estado],"En Proceso")) -> 1 | Z50: =IF(U50="","",IF(F50="Virtual Asincrónico",1,V50*U50)) -> 1 | AC50: Interno | AD50: TRASLADO A DFV - Ruta B
B51: 5794-PFAN-26 | C51: https://sistema-eventos.edu.gt/ticket?id=51 | D51: Resuelto | E51: Baja | F51: Virtual Asincrónico | G51: Programa 1 | H51: Curso 44 | I51: Mesa de Entrada | J51: 46006 | K51: Varias Dependencias | L51: 46006 | M51: Gestor 1 | T51: =IF(U51="","",IF(U51=W51,1,0)) | W51: =IF(B51="","",COUNTIFS(Ejecucion[No. Solicitud],Registro!B51,Ejecucion[Estado],"Finalizado")) -> 1 | X51: 1 | Y51: =IF(B51="","",COUNTIFS(Ejecucion[No. Solicitud],Registro!B51,Ejecucion[Estado],"En Proceso")) -> 0 | Z51: =IF(U51="","",IF(F51="Virtual Asincrónico",1,V51*U51)) | AC51: Interno | AD51: TRASLADO A DFV - Ruta B
B52: 5795-PFAN-26 | C52: https://sistema-eventos.edu.gt/ticket?id=52 | D52: Abierto | E52: Baja | F52: Virtual Asincrónico | G52: Programa 4 | H52: Curso 45 | I52: Mesa de Entrada | J52: 46006 | K52: Varias Dependencias | L52: 46006.658 | M52: Gestor 1 | T52: =IF(U52="","",IF(U52=W52,1,0)) | W52: =IF(B52="","",COUNTIFS(Ejecucion[No. Solicitud],Registro!B52,Ejecucion[Estado],"Finalizado")) -> 0 | X52: =IF(B52="","",COUNTIFS(Ejecucion[No. Solicitud],Registro!B52,Ejecucion[Estado],"No Iniciado")) -> 0 | Y52: =IF(B52="","",COUNTIFS(Ejecucion[No. Solicitud],Registro!B52,Ejecucion[Estado],"En Proceso")) -> 0 | Z52: =IF(U52="","",IF(F52="Virtual Asincrónico",1,V52*U52)) | AC52: Interno | AD52: TRASLADO A DFV - Ruta B
B53: 5796-PFAN-26 | C53: https://sistema-eventos.edu.gt/ticket?id=53 | D53: Abierto | E53: Baja | F53: Virtual Asincrónico | G53: Programa 4 | H53: Curso 46 | I53: Mesa de Entrada | J53: 46006 | K53: Varias Dependencias | L53: 46006.478 | M53: Gestor 1 | T53: =IF(U53="","",IF(U53=W53,1,0)) | W53: =IF(B53="","",COUNTIFS(Ejecucion[No. Solicitud],Registro!B53,Ejecucion[Estado],"Finalizado")) -> 0 | X53: =IF(B53="","",COUNTIFS(Ejecucion[No. Solicitud],Registro!B53,Ejecucion[Estado],"No Iniciado")) -> 0 | Y53: =IF(B53="","",COUNTIFS(Ejecucion[No. Solicitud],Registro!B53,Ejecucion[Estado],"En Proceso")) -> 0 | Z53: =IF(U53="","",IF(F53="Virtual Asincrónico",1,V53*U53)) | AC53: Interno | AD53: TRASLADO A DFV - Ruta B
B54: 5797-PFAN-26 | C54: https://sistema-eventos.edu.gt/ticket?id=54 | D54: Abierto | E54: Baja | F54: Virtual Asincrónico | G54: Programa 4 | H54: Curso 47 | I54: Mesa de Entrada | J54: 46006 | K54: Varias Dependencias | L54: 46006.659 | M54: Gestor 1 | T54: =IF(U54="","",IF(U54=W54,1,0)) | W54: =IF(B54="","",COUNTIFS(Ejecucion[No. Solicitud],Registro!B54,Ejecucion[Estado],"Finalizado")) -> 0 | X54: =IF(B54="","",COUNTIFS(Ejecucion[No. Solicitud],Registro!B54,Ejecucion[Estado],"No Iniciado")) -> 0 | Y54: =IF(B54="","",COUNTIFS(Ejecucion[No. Solicitud],Registro!B54,Ejecucion[Estado],"En Proceso")) -> 0 | Z54: =IF(U54="","",IF(F54="Virtual Asincrónico",1,V54*U54)) | AC54: Interno | AD54: TRASLADO A DFV - Ruta B
B55: 5808-PFAN-26 | C55: https://sistema-eventos.edu.gt/ticket?id=55 | D55: Resuelto | E55: Baja | F55: Virtual Asincrónico | G55: Programa 2 | H55: Curso 48 | I55: Mesa de Entrada | J55: 46021 | K55: Varias Dependencias | L55: 46021.615 | M55: Gestor 1 | R55: 46090 | S55: 46153 | T55: =IF(U55="","",IF(U55=W55,1,0)) -> 1 | U55: 6 | V55: 1 | W55: =IF(B55="","",COUNTIFS(Ejecucion[No. Solicitud],Registro!B55,Ejecucion[Estado],"Finalizado")) -> 6 | X55: =IF(B55="","",COUNTIFS(Ejecucion[No. Solicitud],Registro!B55,Ejecucion[Estado],"No Iniciado")) -> 0 | Y55: =IF(B55="","",COUNTIFS(Ejecucion[No. Solicitud],Registro!B55,Ejecucion[Estado],"En Proceso")) -> 0 | Z55: =IF(U55="","",IF(F55="Virtual Asincrónico",1,V55*U55)) -> 1 | AC55: Interno | AD55: TRASLADO A DFV - Ruta B
B56: 5809-PFAN-26 | C56: https://sistema-eventos.edu.gt/ticket?id=56 | D56: Resuelto | E56: Baja | F56: Virtual Asincrónico | G56: Programa 2 | H56: Curso 49 | I56: Mesa de Entrada | J56: 46021 | K56: Varias Dependencias | L56: 46021.61 | M56: Gestor 1 | R56: 46188 | S56: 46244 | T56: =IF(U56="","",IF(U56=W56,1,0)) -> 1 | U56: 5 | V56: 1 | W56: 5 | X56: =IF(B56="","",COUNTIFS(Ejecucion[No. Solicitud],Registro!B56,Ejecucion[Estado],"No Iniciado")) -> 0 | Y56: =IF(B56="","",COUNTIFS(Ejecucion[No. Solicitud],Registro!B56,Ejecucion[Estado],"En Proceso")) -> 0 | Z56: =IF(U56="","",IF(F56="Virtual Asincrónico",1,V56*U56)) -> 1 | AC56: Cooperante | AD56: TRASLADO A DFV - Ruta B
B57: 5810-PFAN-26 | C57: https://sistema-eventos.edu.gt/ticket?id=57 | D57: Resuelto | E57: Baja | F57: Virtual Asincrónico | G57: Programa 2 | H57: Curso 50 | I57: Mesa de Entrada | J57: 46021.539 | K57: Varias Dependencias | L57: 46021.611 | M57: Gestor 1 | R57: 46223 | S57: 46262 | T57: =IF(U57="","",IF(U57=W57,1,0)) -> 1 | U57: 3 | V57: 1 | W57: 3 | X57: 0 | Y57: =IF(B57="","",COUNTIFS(Ejecucion[No. Solicitud],Registro!B57,Ejecucion[Estado],"En Proceso")) -> 0 | Z57: =IF(U57="","",IF(F57="Virtual Asincrónico",1,V57*U57)) -> 1 | AC57: Cooperante | AD57: TRASLADO A DFV - Ruta B
B58: 5811-PFAN-26 | C58: https://sistema-eventos.edu.gt/ticket?id=58 | D58: Resuelto | E58: Baja | F58: Virtual Asincrónico | G58: Programa 2 | H58: Curso 51 | I58: Mesa de Entrada | J58: 46021.539 | K58: Varias Dependencias | L58: 46021.531 | M58: Gestor 1 | R58: 46296 | S58: 46378 | T58: =IF(U58="","",IF(U58=W58,1,0)) -> 0 | U58: 1 | V58: 1 | W58: =IF(B58="","",COUNTIFS(Ejecucion[No. Solicitud],Registro!B58,Ejecucion[Estado],"Finalizado")) -> 0 | X58: =IF(B58="","",COUNTIFS(Ejecucion[No. Solicitud],Registro!B58,Ejecucion[Estado],"No Iniciado")) -> 0 | Y58: =IF(B58="","",COUNTIFS(Ejecucion[No. Solicitud],Registro!B58,Ejecucion[Estado],"En Proceso")) -> 0 | Z58: =IF(U58="","",IF(F58="Virtual Asincrónico",1,V58*U58)) -> 1 | AC58: Cooperante | AD58: TRASLADO A DFV - Ruta B
B59: 5814-PFAN-26 | C59: https://sistema-eventos.edu.gt/ticket?id=59 | D59: Resuelto | E59: Baja | F59: Virtual Sincrónico | H59: Curso 52 | I59: Mesa de Entrada | J59: 5/1/2026 9:15 | K59: Varias Dependencias | L59: 46029.399 | M59: Gestor 5 | N59: 80687 | O59: Curso de diseño curricular | P59: 26-0906 | R59: 46044 | S59: 46049 | T59: =IF(U59="","",IF(U59=W59,1,0)) -> 1 | U59: 2 | V59: 2 | W59: 2 | X59: =IF(B59="","",COUNTIFS(Ejecucion[No. Solicitud],Registro!B59,Ejecucion[Estado],"No Iniciado")) -> 0 | Y59: =IF(B59="","",COUNTIFS(Ejecucion[No. Solicitud],Registro!B59,Ejecucion[Estado],"En Proceso")) -> 0 | Z59: =IF(U59="","",IF(F59="Virtual Asincrónico",1,V59*U59)) -> 4 | AA59: 4 | AB59: 0 | AC59: Externo | AD59: OBLIGATORIO - Primera Vez
B60: 5817-PFAN-26 | C60: https://sistema-eventos.edu.gt/ticket?id=60 | D60: Resuelto | E60: Baja | F60: Virtual Asincrónico | G60: Programa 5 | H60: Curso 53 | I60: Mesa de Entrada | J60: 05/01/2026 08/06 | K60: Varias Dependencias | L60: 46027.664 | M60: Gestor 2 | R60: 46160 | S60: 46190 | T60: =IF(U60="","",IF(U60=W60,1,0)) -> 1 | U60: 2 | V60: 1 | W60: 2 | X60: =IF(B60="","",COUNTIFS(Ejecucion[No. Solicitud],Registro!B60,Ejecucion[Estado],"No Iniciado")) -> 0 | Y60: =IF(B60="","",COUNTIFS(Ejecucion[No. Solicitud],Registro!B60,Ejecucion[Estado],"En Proceso")) -> 0 | Z60: =IF(U60="","",IF(F60="Virtual Asincrónico",1,V60*U60)) -> 1 | AA60: 1 | AB60: 0 | AC60: Interno | AD60: TRASLADO A DFV - Ruta B
B61: 5818-PFAN-26 | C61: https://sistema-eventos.edu.gt/ticket?id=61 | D61: Resuelto | E61: Baja | F61: Virtual Asincrónico | G61: Programa 5 | H61: Curso 54 | I61: Mesa de Entrada | J61: 5/1/2026 15:59 | K61: Varias Dependencias | L61: 46028.338 | M61: Gestor 2 | N61: 130295 | O61: Curso sobre el trabajo en equipo para la eficiencia y productividad | P61: 26-0908 | R61: 46162 | S61: 46195 | T61: =IF(U61="","",IF(U61=W61,1,0)) -> 1 | U61: 2 | V61: 1 | W61: 2 | X61: =IF(B61="","",COUNTIFS(Ejecucion[No. Solicitud],Registro!B61,Ejecucion[Estado],"No Iniciado")) -> 0 | Y61: =IF(B61="","",COUNTIFS(Ejecucion[No. Solicitud],Registro!B61,Ejecucion[Estado],"En Proceso")) -> 0 | Z61: =IF(U61="","",IF(F61="Virtual Asincrónico",1,V61*U61)) -> 1 | AA61: 1 | AB61: 0 | AC61: Interno | AD61: TRASLADO A DFV - Ruta B
B62: 5822-PFAN-26 | C62: https://sistema-eventos.edu.gt/ticket?id=62 | D62: Resuelto | E62: Baja | F62: Presencial | H62: Curso 55 | I62: Mesa de Entrada | J62: 46030.613 | K62: Dependencia 7 | L62: 46031.497 | M62: Gestor 1 | N62: 130295 | O62: Curso sobre el trabajo en equipo para la eficiencia y productividad | P62: 26-0908 | R62: 46042 | S62: 46042 | T62: =IF(U62="","",IF(U62=W62,1,0)) -> 1 | U62: 1 | V62: 1 | W62: 1 | X62: 0 | Y62: =IF(B62="","",COUNTIFS(Ejecucion[No. Solicitud],Registro!B62,Ejecucion[Estado],"En Proceso")) -> 0 | Z62: =IF(U62="","",IF(F62="Virtual Asincrónico",1,V62*U62)) -> 1 | AC62: Externo | AD62: OBLIGATORIO - Primera Vez
B63: 6360-PFIN-26 | C63: https://sistema-eventos.edu.gt/ticket?id=63 | D63: Abierto | E63: Baja | F63: Presencial | G63: Programa 3 | H63: Curso 56 | I63: Mesa de Entrada | J63: 46272.402 | K63: Varias Dependencias | L63: 46272.458 | M63: Gestor 2 | N63: 193909 | O63: Experiencia de Atención y Cultura de Servicio al Contribuyente | P63: 26-19679 | Q63: 56000 | R63: 46310 | S63: 46357 | T63: =IF(U63="","",IF(U63=W63,1,0)) -> 0 | U63: 8 | V63: 1 | W63: =IF(B63="","",COUNTIFS(Ejecucion[No. Solicitud],Registro!B63,Ejecucion[Estado],"Finalizado")) -> 0 | X63: =IF(B63="","",COUNTIFS(Ejecucion[No. Solicitud],Registro!B63,Ejecucion[Estado],"No Iniciado")) -> 8 | Y63: =IF(B63="","",COUNTIFS(Ejecucion[No. Solicitud],Registro!B63,Ejecucion[Estado],"En Proceso")) -> 0 | Z63: =IF(U63="","",IF(F63="Virtual Asincrónico",1,V63*U63)) -> 8 | AC63: Externo | AD63: OBLIGATORIO - Tema Nuevo
B64: 5836-PFAN-26 | C64: https://sistema-eventos.edu.gt/ticket?id=64 | D64: Resuelto | E64: Baja | F64: Presencial | H64: Curso 57 | I64: Mesa de Entrada | J64: 46194.342 | K64: Varias Dependencias | L64: 46194.592 | M64: Gestor 5 | N64: 77247 | O64: Servicios de capacitación en materia de atención al contribuyente | P64: 26-2056 | R64: 46057 | S64: 46057 | T64: =IF(U64="","",IF(U64=W64,1,0)) -> 1 | U64: 1 | V64: 1 | W64: 1 | X64: =IF(B64="","",COUNTIFS(Ejecucion[No. Solicitud],Registro!B64,Ejecucion[Estado],"No Iniciado")) -> 0 | Y64: =IF(B64="","",COUNTIFS(Ejecucion[No. Solicitud],Registro!B64,Ejecucion[Estado],"En Proceso")) -> 0 | Z64: =IF(U64="","",IF(F64="Virtual Asincrónico",1,V64*U64)) -> 1 | AA64: 1 | AB64: 0 | AC64: Externo | AD64: OBLIGATORIO - Docente Nuevo
B65: 6359-PFIN-26 | C65: https://sistema-eventos.edu.gt/ticket?id=65 | D65: Abierto | E65: Baja | F65: Presencial | G65: Programa 3 | H65: Curso 58 | I65: Mesa de Entrada | J65: 46272.397 | K65: Varias Dependencias | L65: 46272.458 | M65: Gestor 2 | N65: 77247 | O65: Servicios de capacitación en materia de atención al contribuyente | P65: 26-19676 | R65: 46329 | S65: 46365 | T65: =IF(U65="","",IF(U65=W65,1,0)) -> 0 | U65: 7 | V65: 1 | W65: =IF(B65="","",COUNTIFS(Ejecucion[No. Solicitud],Registro!B65,Ejecucion[Estado],"Finalizado")) -> 0 | X65: =IF(B65="","",COUNTIFS(Ejecucion[No. Solicitud],Registro!B65,Ejecucion[Estado],"No Iniciado")) -> 7 | Y65: =IF(B65="","",COUNTIFS(Ejecucion[No. Solicitud],Registro!B65,Ejecucion[Estado],"En Proceso")) -> 0 | Z65: =IF(U65="","",IF(F65="Virtual Asincrónico",1,V65*U65)) -> 7 | AC65: Interno | AD65: REGULAR - Muestreo Aleatorio
B66: 5837-PFAN-26 | C66: https://sistema-eventos.edu.gt/ticket?id=66 | D66: Resuelto | E66: Baja | F66: Presencial | G66: Programa 3 | H66: Curso 59 | I66: Mesa de Entrada | J66: 46043.421 | K66: Varias Dependencias | L66: 46043.428 | M66: Gestor 2 | N66: 193536 | O66: Cultura de Servicio y Competencias de Atención al Contribuyente | P66: 26-3718 | R66: 46092 | S66: 46129 | T66: =IF(U66="","",IF(U66=W66,1,0)) -> 1 | U66: 3 | V66: 2 | W66: 3 | X66: =IF(B66="","",COUNTIFS(Ejecucion[No. Solicitud],Registro!B66,Ejecucion[Estado],"No Iniciado")) -> 0 | Y66: =IF(B66="","",COUNTIFS(Ejecucion[No. Solicitud],Registro!B66,Ejecucion[Estado],"En Proceso")) -> 0 | Z66: =IF(U66="","",IF(F66="Virtual Asincrónico",1,V66*U66)) -> 6 | AA66: 6 | AB66: 0 | AC66: Externo | AD66: OBLIGATORIO - Docente Nuevo
B67: 5829-PFAN-26 | C67: https://sistema-eventos.edu.gt/ticket?id=67 | D67: Resuelto | E67: Baja | F67: Presencial | H67: Curso 60 | I67: Mesa de Entrada | J67: 46035.664 | K67: Varias Dependencias | L67: 46194.46 | M67: Gestor 3 | N67: 117304 | O67: Capacitación de protocolo para eventos oficiales | P67: 26-2229 | R67: 46097 | S67: 46095 | T67: =IF(U67="","",IF(U67=W67,1,0)) -> 1 | U67: 4 | V67: 1 | W67: 4 | X67: =IF(B67="","",COUNTIFS(Ejecucion[No. Solicitud],Registro!B67,Ejecucion[Estado],"No Iniciado")) -> 0 | Y67: =IF(B67="","",COUNTIFS(Ejecucion[No. Solicitud],Registro!B67,Ejecucion[Estado],"En Proceso")) -> 0 | Z67: =IF(U67="","",IF(F67="Virtual Asincrónico",1,V67*U67)) -> 4 | AC67: Externo | AD67: OBLIGATORIO - Tema Nuevo
B68: 5838-PFAN-26 | C68: https://sistema-eventos.edu.gt/ticket?id=68 | D68: Resuelto | E68: Baja | F68: Virtual Asincrónico | H68: Curso 61 | I68: Mesa de Entrada | J68: 46043.545 | K68: Varias Dependencias | L68: 46043.588 | M68: Gestor 3 | O68: Ergonomía y prevención de riesgos laborales | R68: 46104 | S68: 46108 | T68: =IF(U68="","",IF(U68=W68,1,0)) -> 1 | U68: 5 | V68: 1 | W68: 5 | X68: =IF(B68="","",COUNTIFS(Ejecucion[No. Solicitud],Registro!B68,Ejecucion[Estado],"No Iniciado")) -> 0 | Y68: =IF(B68="","",COUNTIFS(Ejecucion[No. Solicitud],Registro!B68,Ejecucion[Estado],"En Proceso")) -> 0 | Z68: =IF(U68="","",IF(F68="Virtual Asincrónico",1,V68*U68)) -> 1 | AC68: Interno | AD68: TRASLADO A DFV - Ruta B
B69: 5845-PFA-26 | C69: https://sistema-eventos.edu.gt/ticket?id=69 | D69: Resuelto | E69: Baja | F69: Presencial | G69: Programa 3 | H69: Curso 62 | I69: Mesa de Entrada | J69: 46049.531 | K69: Varias Dependencias | L69: 46050.594 | M69: Gestor 2 | R69: 46083 | S69: 46204 | T69: =IF(U69="","",IF(U69=W69,1,0)) -> 1 | U69: 10 | V69: 1 | W69: 10 | X69: =IF(B69="","",COUNTIFS(Ejecucion[No. Solicitud],Registro!B69,Ejecucion[Estado],"No Iniciado")) -> 0 | Y69: =IF(B69="","",COUNTIFS(Ejecucion[No. Solicitud],Registro!B69,Ejecucion[Estado],"En Proceso")) -> 0 | Z69: =IF(U69="","",IF(F69="Virtual Asincrónico",1,V69*U69)) -> 10 | AA69: 10 | AB69: 0 | AC69: Interno | AD69: OBLIGATORIO - Tema Nuevo
B70: 5846-PFAN-26 | C70: https://sistema-eventos.edu.gt/ticket?id=70 | D70: Resuelto | E70: Baja | F70: Presencial | G70: Programa 3 | H70: Curso 63 | I70: Mesa de Entrada | J70: 46049.552 | K70: Varias Dependencias | L70: 53355.342 | M70: Gestor 2 | R70: 46083 | S70: 46206 | T70: =IF(U70="","",IF(U70=W70,1,0)) -> 1 | U70: 10 | V70: 1 | W70: 10 | X70: 0 | Y70: 0 | Z70: =IF(U70="","",IF(F70="Virtual Asincrónico",1,V70*U70)) -> 10 | AA70: 10 | AB70: 0 | AC70: Interno | AD70: REGULAR - Muestreo Aleatorio
B71: 5847-PFAN-26 | C71: https://sistema-eventos.edu.gt/ticket?id=71 | D71: Resuelto | E71: Baja | F71: Presencial | G71: Programa 3 | H71: Curso 64 | I71: Mesa de Entrada | J71: 46049.618 | K71: Varias Dependencias | L71: 46050.35 | M71: Gestor 2 | R71: 46084 | S71: 46205 | T71: =IF(U71="","",IF(U71=W71,1,0)) -> 1 | U71: 10 | V71: 1 | W71: 10 | X71: =IF(B71="","",COUNTIFS(Ejecucion[No. Solicitud],Registro!B71,Ejecucion[Estado],"No Iniciado")) -> 0 | Y71: =IF(B71="","",COUNTIFS(Ejecucion[No. Solicitud],Registro!B71,Ejecucion[Estado],"En Proceso")) -> 0 | Z71: =IF(U71="","",IF(F71="Virtual Asincrónico",1,V71*U71)) -> 10 | AA71: 10 | AB71: 0 | AC71: Interno | AD71: OBLIGATORIO - Tema Nuevo
B72: 5848-PFAN-26 | C72: https://sistema-eventos.edu.gt/ticket?id=72 | D72: Resuelto | E72: Baja | F72: Presencial | H72: Curso 65 | I72: Mesa de Entrada | J72: 46049.609 | K72: Varias Dependencias | L72: 46050.346 | M72: Gestor 5 | N72: 117594 | P72: 26-4098 | R72: 46104 | S72: 46150 | T72: =IF(U72="","",IF(U72=W72,1,0)) -> 1 | U72: 5 | V72: 1 | W72: 5 | X72: =IF(B72="","",COUNTIFS(Ejecucion[No. Solicitud],Registro!B72,Ejecucion[Estado],"No Iniciado")) -> 0 | Y72: =IF(B72="","",COUNTIFS(Ejecucion[No. Solicitud],Registro!B72,Ejecucion[Estado],"En Proceso")) -> 0 | Z72: =IF(U72="","",IF(F72="Virtual Asincrónico",1,V72*U72)) -> 5 | AA72: 5 | AB72: 0 | AC72: Externo | AD72: OBLIGATORIO - Docente Nuevo
B73: 5849-PFAN-26 | C73: https://sistema-eventos.edu.gt/ticket?id=73 | D73: Resuelto | E73: Baja | F73: Presencial | G73: Programa 3 | H73: Curso 66 | I73: Mesa de Entrada | J73: 46049.622 | K73: Varias Dependencias | L73: 46050.354 | M73: Gestor 2 | N73: N/A | P73: N/A | R73: 46087 | S73: 46212 | T73: =IF(U73="","",IF(U73=W73,1,0)) -> 1 | U73: 10 | V73: 1 | W73: =IF(B73="","",COUNTIFS(Ejecucion[No. Solicitud],Registro!B73,Ejecucion[Estado],"Finalizado")) -> 10 | X73: =IF(B73="","",COUNTIFS(Ejecucion[No. Solicitud],Registro!B73,Ejecucion[Estado],"No Iniciado")) -> 0 | Y73: =IF(B73="","",COUNTIFS(Ejecucion[No. Solicitud],Registro!B73,Ejecucion[Estado],"En Proceso")) -> 0 | Z73: =IF(U73="","",IF(F73="Virtual Asincrónico",1,V73*U73)) -> 10 | AA73: 10 | AB73: 0 | AC73: Interno | AD73: CAMBIO DINÁMICO: Interno a Externo
B74: 5850-PFAN-26 | C74: https://sistema-eventos.edu.gt/ticket?id=74 | D74: Resuelto | E74: Baja | F74: Presencial | G74: Programa 3 | H74: Curso 67 | I74: Mesa de Entrada | J74: 46049.634 | K74: Varias Dependencias | L74: 46050.355 | M74: Gestor 2 | N74: N/A | P74: N/A | R74: 46085 | S74: 46210 | T74: =IF(U74="","",IF(U74=W74,1,0)) -> 1 | U74: 10 | V74: 1 | W74: 10 | X74: =IF(B74="","",COUNTIFS(Ejecucion[No. Solicitud],Registro!B74,Ejecucion[Estado],"No Iniciado")) -> 0 | Y74: =IF(B74="","",COUNTIFS(Ejecucion[No. Solicitud],Registro!B74,Ejecucion[Estado],"En Proceso")) -> 0 | Z74: =IF(U74="","",IF(F74="Virtual Asincrónico",1,V74*U74)) -> 10 | AA74: 10 | AB74: 0 | AC74: Interno | AD74: REGULAR - Muestreo Aleatorio
B75: 5851-PFAN-26 | C75: https://sistema-eventos.edu.gt/ticket?id=75 | D75: Resuelto | E75: Baja | F75: Presencial | G75: Programa 3 | H75: Curso 68 | I75: Mesa de Entrada | J75: 46049.642 | K75: Varias Dependencias | L75: 46050.358 | M75: Gestor 2 | N75: N/A | P75: N/A | R75: 46085 | S75: 46210 | T75: =IF(U75="","",IF(U75=W75,1,0)) -> 1 | U75: 10 | V75: 1 | W75: 10 | X75: =IF(B75="","",COUNTIFS(Ejecucion[No. Solicitud],Registro!B75,Ejecucion[Estado],"No Iniciado")) -> 0 | Y75: =IF(B75="","",COUNTIFS(Ejecucion[No. Solicitud],Registro!B75,Ejecucion[Estado],"En Proceso")) -> 0 | Z75: =IF(U75="","",IF(F75="Virtual Asincrónico",1,V75*U75)) -> 10 | AA75: 10 | AB75: 0 | AC75: Interno | AD75: REGULAR - Muestreo Aleatorio
B76: 5852-PFAN-26 | C76: https://sistema-eventos.edu.gt/ticket?id=76 | D76: Resuelto | E76: Baja | F76: Presencial | G76: Programa 3 | H76: Curso 69 | I76: Mesa de Entrada | J76: 46049.648 | K76: Varias Dependencias | L76: 46050.361 | M76: Gestor 2 | N76: N/A | P76: N/A | R76: 46087 | S76: 46212 | T76: =IF(U76="","",IF(U76=W76,1,0)) -> 1 | U76: 10 | V76: 1 | W76: 10 | X76: =IF(B76="","",COUNTIFS(Ejecucion[No. Solicitud],Registro!B76,Ejecucion[Estado],"No Iniciado")) -> 0 | Y76: =IF(B76="","",COUNTIFS(Ejecucion[No. Solicitud],Registro!B76,Ejecucion[Estado],"En Proceso")) -> 0 | Z76: =IF(U76="","",IF(F76="Virtual Asincrónico",1,V76*U76)) -> 10 | AA76: 10 | AB76: 0 | AC76: Interno | AD76: OBLIGATORIO - Docente Nuevo
B77: 5853-PFAN-26 | C77: https://sistema-eventos.edu.gt/ticket?id=77 | D77: Resuelto | E77: Baja | F77: Presencial | G77: Programa 3 | H77: Curso 70 | I77: Mesa de Entrada | J77: 46086.658 | K77: Varias Dependencias | L77: 46050.364 | M77: Gestor 2 | N77: N/A | P77: N/A | R77: 46086 | S77: 46211 | T77: =IF(U77="","",IF(U77=W77,1,0)) -> 1 | U77: 10 | V77: 1 | W77: 10 | X77: 0 | Y77: =IF(B77="","",COUNTIFS(Ejecucion[No. Solicitud],Registro!B77,Ejecucion[Estado],"En Proceso")) -> 0 | Z77: =IF(U77="","",IF(F77="Virtual Asincrónico",1,V77*U77)) -> 10 | AA77: 10 | AB77: 0 | AC77: Interno | AD77: REGULAR - Muestreo Aleatorio
B78: 5854-PFAN-26 | C78: https://sistema-eventos.edu.gt/ticket?id=78 | D78: Resuelto | E78: Baja | F78: Presencial | G78: Programa 3 | H78: Curso 71 | I78: Mesa de Entrada | J78: 46049.667 | K78: Varias Dependencias | L78: 46050.366 | M78: Gestor 2 | N78: N/A | P78: N/A | R78: 46090 | S78: 46213 | T78: =IF(U78="","",IF(U78=W78,1,0)) -> 1 | U78: 10 | V78: 1 | W78: 10 | X78: =IF(B78="","",COUNTIFS(Ejecucion[No. Solicitud],Registro!B78,Ejecucion[Estado],"No Iniciado")) -> 0 | Y78: =IF(B78="","",COUNTIFS(Ejecucion[No. Solicitud],Registro!B78,Ejecucion[Estado],"En Proceso")) -> 0 | Z78: =IF(U78="","",IF(F78="Virtual Asincrónico",1,V78*U78)) -> 10 | AA78: 10 | AB78: 0 | AC78: Interno | AD78: OBLIGATORIO - Docente Nuevo
B79: 5855-PFAN-26 | C79: https://sistema-eventos.edu.gt/ticket?id=79 | D79: Resuelto | E79: Baja | F79: Presencial | G79: Programa 3 | H79: Curso 72 | I79: Mesa de Entrada | J79: 46049.668 | K79: Varias Dependencias | L79: 46050.366 | M79: Gestor 2 | N79: N/A | P79: N/A | R79: 46087 | S79: 46212 | T79: =IF(U79="","",IF(U79=W79,1,0)) -> 1 | U79: 10 | V79: 1 | W79: 10 | X79: =IF(B79="","",COUNTIFS(Ejecucion[No. Solicitud],Registro!B79,Ejecucion[Estado],"No Iniciado")) -> 0 | Y79: =IF(B79="","",COUNTIFS(Ejecucion[No. Solicitud],Registro!B79,Ejecucion[Estado],"En Proceso")) -> 0 | Z79: =IF(U79="","",IF(F79="Virtual Asincrónico",1,V79*U79)) -> 10 | AA79: 10 | AB79: 0 | AC79: Interno | AD79: REGULAR - Muestreo Aleatorio
B80: 5856-PFAN-26 | C80: https://sistema-eventos.edu.gt/ticket?id=80 | D80: Resuelto | E80: Baja | F80: Presencial | G80: Programa 3 | H80: Curso 73 | I80: Mesa de Entrada | J80: 46049.681 | K80: Varias Dependencias | L80: 46050.37 | M80: Gestor 2 | N80: N/A | P80: N/A | R80: 46090 | S80: 46216 | T80: =IF(U80="","",IF(U80=W80,1,0)) -> 1 | U80: 10 | V80: 1 | W80: 10 | X80: =IF(B80="","",COUNTIFS(Ejecucion[No. Solicitud],Registro!B80,Ejecucion[Estado],"No Iniciado")) -> 0 | Y80: =IF(B80="","",COUNTIFS(Ejecucion[No. Solicitud],Registro!B80,Ejecucion[Estado],"En Proceso")) -> 0 | Z80: =IF(U80="","",IF(F80="Virtual Asincrónico",1,V80*U80)) -> 10 | AA80: 10 | AB80: 0 | AC80: Interno | AD80: OBLIGATORIO - Tema Nuevo
B81: 5857-PFAN-26 | C81: https://sistema-eventos.edu.gt/ticket?id=81 | D81: Resuelto | E81: Baja | F81: Presencial | G81: Programa 3 | H81: Curso 74 | I81: Mesa de Entrada | J81: 46049.692 | K81: Varias Dependencias | L81: 46050.651 | M81: Gestor 2 | N81: N/A | P81: N/A | R81: 46092 | S81: 46092 | T81: =IF(U81="","",IF(U81=W81,1,0)) -> 1 | U81: 10 | V81: 1 | W81: 10 | X81: =IF(B81="","",COUNTIFS(Ejecucion[No. Solicitud],Registro!B81,Ejecucion[Estado],"No Iniciado")) -> 0 | Y81: =IF(B81="","",COUNTIFS(Ejecucion[No. Solicitud],Registro!B81,Ejecucion[Estado],"En Proceso")) -> 0 | Z81: =IF(U81="","",IF(F81="Virtual Asincrónico",1,V81*U81)) -> 10 | AA81: 10 | AB81: 0 | AC81: Interno | AD81: CAMBIO DINÁMICO: Interno a Externo
B82: 6373-PFIN-26 | C82: https://sistema-eventos.edu.gt/ticket?id=82 | D82: Abierto | E82: Alta | F82: Presencial | H82: Curso 75 | I82: Mesa de Entrada | J82: 46282.347 | K82: Dependencia 2 | L82: 46282.384 | M82: Gestor 5 | N82: 56248 | O82: Curso de recursos administrativos en materia tributaria y ley de lo contencioso administrativo | P82: 26-20805 | R82: 46307 | S82: 46309 | T82: =IF(U82="","",IF(U82=W82,1,0)) -> 0 | U82: 2 | V82: 1 | W82: =IF(B82="","",COUNTIFS(Ejecucion[No. Solicitud],Registro!B82,Ejecucion[Estado],"Finalizado")) -> 0 | X82: =IF(B82="","",COUNTIFS(Ejecucion[No. Solicitud],Registro!B82,Ejecucion[Estado],"No Iniciado")) -> 0 | Y82: =IF(B82="","",COUNTIFS(Ejecucion[No. Solicitud],Registro!B82,Ejecucion[Estado],"En Proceso")) -> 0 | Z82: =IF(U82="","",IF(F82="Virtual Asincrónico",1,V82*U82)) -> 2 | AC82: Interno | AD82: REGULAR - Muestreo Aleatorio
B83: 6371-PFIN-26 | C83: https://sistema-eventos.edu.gt/ticket?id=83 | D83: Abierto | E83: Alta | F83: Presencial | H83: Curso 76 | I83: Mesa de Entrada | J83: 46282.407 | K83: Dependencia 5 | L83: 46282.411 | M83: Gestor 5 | N83: 202719 | O83: Curso sobre impacto Fiscal y operativo de la adición de etanol a los combustibles | P83: 26-22278 | R83: 46302 | S83: 46352 | T83: =IF(U83="","",IF(U83=W83,1,0)) -> 0 | U83: 6 | V83: 3 | W83: =IF(B83="","",COUNTIFS(Ejecucion[No. Solicitud],Registro!B83,Ejecucion[Estado],"Finalizado")) -> 0 | X83: =IF(B83="","",COUNTIFS(Ejecucion[No. Solicitud],Registro!B83,Ejecucion[Estado],"No Iniciado")) -> 0 | Y83: =IF(B83="","",COUNTIFS(Ejecucion[No. Solicitud],Registro!B83,Ejecucion[Estado],"En Proceso")) -> 6 | Z83: =IF(U83="","",IF(F83="Virtual Asincrónico",1,V83*U83)) -> 18 | AC83: Externo | AD83: REGULAR - Muestreo Aleatorio
B84: 6374-PFIN-26 | C84: https://sistema-eventos.edu.gt/ticket?id=84 | D84: Abierto | E84: Media | F84: Virtual Sincrónico | H84: Curso 77 | I84: Mesa de Entrada | J84: 46282.41 | K84: Varias Dependencias | L84: 46282.483 | M84: Gestor 4 | N84: 202856 | O84: Curso sobre modelos de compliance penal y administrativo | P84: 26-21621 | R84: 46316 | S84: 46317 | T84: =IF(U84="","",IF(U84=W84,1,0)) -> 0 | U84: 2 | V84: 1 | W84: =IF(B84="","",COUNTIFS(Ejecucion[No. Solicitud],Registro!B84,Ejecucion[Estado],"Finalizado")) -> 0 | X84: =IF(B84="","",COUNTIFS(Ejecucion[No. Solicitud],Registro!B84,Ejecucion[Estado],"No Iniciado")) -> 0 | Y84: =IF(B84="","",COUNTIFS(Ejecucion[No. Solicitud],Registro!B84,Ejecucion[Estado],"En Proceso")) -> 2 | Z84: =IF(U84="","",IF(F84="Virtual Asincrónico",1,V84*U84)) -> 2 | AC84: Interno | AD84: CAMBIO DINÁMICO: Interno a Externo
B85: 6375-PFIN-26 | C85: https://sistema-eventos.edu.gt/ticket?id=85 | D85: Abierto | E85: Alta | F85: Presencial | H85: Curso 78 | I85: Mesa de Entrada | J85: 46282.424 | K85: Dependencia 5 | L85: 46282.449 | M85: Gestor 1 | N85: 130102 | O85: Curso sobre análisis e interpretación de la ley de alcoholes, bebidas alcohólicas y fermentadas y su reglamento y su aplicación | P85: 26-20318 | Q85: 25000 | R85: 46302 | S85: 46332 | T85: =IF(U85="","",IF(U85=W85,1,0)) -> 0 | U85: 3 | V85: 3 | W85: =IF(B85="","",COUNTIFS(Ejecucion[No. Solicitud],Registro!B85,Ejecucion[Estado],"Finalizado")) -> 0 | X85: =IF(B85="","",COUNTIFS(Ejecucion[No. Solicitud],Registro!B85,Ejecucion[Estado],"No Iniciado")) -> 0 | Y85: =IF(B85="","",COUNTIFS(Ejecucion[No. Solicitud],Registro!B85,Ejecucion[Estado],"En Proceso")) -> 3 | Z85: =IF(U85="","",IF(F85="Virtual Asincrónico",1,V85*U85)) -> 9 | AC85: Externo | AD85: OBLIGATORIO - Docente Nuevo
B86: 6376-PFIN-26 | C86: https://sistema-eventos.edu.gt/ticket?id=86 | D86: Abierto | E86: Media | F86: Presencial | H86: Curso 79 | I86: Mesa de Entrada | J86: 46282.458 | K86: Dependencia 2 | L86: 46282.483 | M86: Gestor 3 | N86: 199329 | O86: Curso sobre digitalización y archivo electrónico | P86: 26-20920 | R86: 46317 | S86: 46321 | T86: =IF(U86="","",IF(U86=W86,1,0)) -> 0 | U86: 2 | V86: 1 | W86: =IF(B86="","",COUNTIFS(Ejecucion[No. Solicitud],Registro!B86,Ejecucion[Estado],"Finalizado")) -> 0 | X86: =IF(B86="","",COUNTIFS(Ejecucion[No. Solicitud],Registro!B86,Ejecucion[Estado],"No Iniciado")) -> 0 | Y86: =IF(B86="","",COUNTIFS(Ejecucion[No. Solicitud],Registro!B86,Ejecucion[Estado],"En Proceso")) -> 2 | Z86: =IF(U86="","",IF(F86="Virtual Asincrónico",1,V86*U86)) -> 2 | AC86: Interno | AD86: CAMBIO DINÁMICO: Interno a Externo
B87: 6377-PFIN-26 | C87: https://sistema-eventos.edu.gt/ticket?id=87 | D87: Abierto | E87: Alta | F87: Virtual Sincrónico | H87: Curso 80 | I87: Mesa de Entrada | J87: 46282.564 | K87: Dependencia 1 | L87: 46282.583 | M87: Gestor 3 | N87: 202591 | O87: Curso de capacitación sobre auditoría a la ciberseguridad. | P87: 26-21282 | R87: 46303 | S87: 46307 | T87: =IF(U87="","",IF(U87=W87,1,0)) -> 0 | U87: 1 | V87: 5 | W87: =IF(B87="","",COUNTIFS(Ejecucion[No. Solicitud],Registro!B87,Ejecucion[Estado],"Finalizado")) -> 0 | X87: =IF(B87="","",COUNTIFS(Ejecucion[No. Solicitud],Registro!B87,Ejecucion[Estado],"No Iniciado")) -> 0 | Y87: 0 | Z87: =IF(U87="","",IF(F87="Virtual Asincrónico",1,V87*U87)) -> 5 | AC87: Externo | AD87: OBLIGATORIO - Primera Vez
B88: 6378-PFIN-26 | C88: https://sistema-eventos.edu.gt/ticket?id=88 | D88: Abierto | E88: Alta | F88: Virtual Sincrónico | H88: Curso 81 | I88: Mesa de Entrada | J88: 46282.596 | K88: Dependencia 1 | L88: 46282.599 | M88: Gestor 2 | N88: 199328 | O88: Curso sobre el tema detección y análisis de fraude financiero | P88: 26-21169 | R88: 46316 | S88: 46316 | T88: =IF(U88="","",IF(U88=W88,1,0)) -> 0 | U88: 1 | V88: 1 | W88: =IF(B88="","",COUNTIFS(Ejecucion[No. Solicitud],Registro!B88,Ejecucion[Estado],"Finalizado")) -> 0 | X88: =IF(B88="","",COUNTIFS(Ejecucion[No. Solicitud],Registro!B88,Ejecucion[Estado],"No Iniciado")) -> 0 | Y88: =IF(B88="","",COUNTIFS(Ejecucion[No. Solicitud],Registro!B88,Ejecucion[Estado],"En Proceso")) -> 1 | Z88: =IF(U88="","",IF(F88="Virtual Asincrónico",1,V88*U88)) -> 1 | AC88: Externo | AD88: OBLIGATORIO - Docente Nuevo
B89: 6257-PFIN-26 | C89: https://sistema-eventos.edu.gt/ticket?id=89 | D89: Resuelto | E89: Media | F89: Presencial | H89: Curso 82 | I89: Mesa de Entrada | J89: 46224.333 | K89: Varias Dependencias | L89: 46225.423 | M89: Gestor 5 | N89: 54394 | O89: Capacitación para escalas salariales | P89: 26-16686 | R89: 46261 | S89: 46261 | T89: =IF(U89="","",IF(U89=W89,1,0)) -> 1 | U89: 1 | V89: 1 | W89: 1 | X89: =IF(B89="","",COUNTIFS(Ejecucion[No. Solicitud],Registro!B89,Ejecucion[Estado],"No Iniciado")) -> 0 | Y89: =IF(B89="","",COUNTIFS(Ejecucion[No. Solicitud],Registro!B89,Ejecucion[Estado],"En Proceso")) -> 0 | Z89: 1 | AA89: 1 | AC89: Externo | AD89: OBLIGATORIO - Primera Vez
B90: 6253-PFIN-26 | C90: https://sistema-eventos.edu.gt/ticket?id=90 | D90: Resuelto | E90: Baja | F90: Virtual Sincrónico | H90: Curso 83 | I90: Mesa de Entrada | J90: 46220.583 | K90: Dependencia 6 | L90: 46223.383 | M90: Gestor 1 | R90: 46281 | S90: 46294 | T90: =IF(U90="","",IF(U90=W90,1,0)) -> 1 | U90: 2 | V90: 5 | W90: 2 | X90: 0 | Y90: 2 | Z90: =IF(U90="","",IF(F90="Virtual Asincrónico",1,V90*U90)) -> 10 | AC90: Interno | AD90: OBLIGATORIO - Docente Nuevo
B91: 6252-PFIN-26 | C91: https://sistema-eventos.edu.gt/ticket?id=91 | D91: Resuelto | E91: Media | F91: Presencial | H91: Curso 84 | I91: Mesa de Entrada | J91: 46220.571 | K91: Dependencia 6 | L91: 46223.378 | M91: Gestor 5 | R91: 46259 | S91: 46259 | T91: =IF(U91="","",IF(U91=W91,1,0)) -> 1 | U91: 1 | V91: 1 | W91: 1 | X91: =IF(B91="","",COUNTIFS(Ejecucion[No. Solicitud],Registro!B91,Ejecucion[Estado],"No Iniciado")) -> 0 | Y91: =IF(B91="","",COUNTIFS(Ejecucion[No. Solicitud],Registro!B91,Ejecucion[Estado],"En Proceso")) -> 0 | Z91: =IF(U91="","",IF(F91="Virtual Asincrónico",1,V91*U91)) -> 1 | AA91: 1 | AC91: Interno | AD91: REGULAR - Muestreo Aleatorio
B92: 6251-PFIN-26 | C92: https://sistema-eventos.edu.gt/ticket?id=92 | D92: Resuelto | E92: Media | F92: Presencial | H92: Curso 85 | I92: Mesa de Entrada | J92: 46220.558 | K92: Dependencia 6 | L92: 46223.345 | M92: Gestor 5 | R92: 46252 | S92: 46252 | T92: =IF(U92="","",IF(U92=W92,1,0)) -> 1 | U92: 1 | V92: 1 | W92: 1 | X92: =IF(B92="","",COUNTIFS(Ejecucion[No. Solicitud],Registro!B92,Ejecucion[Estado],"No Iniciado")) -> 0 | Y92: =IF(B92="","",COUNTIFS(Ejecucion[No. Solicitud],Registro!B92,Ejecucion[Estado],"En Proceso")) -> 0 | Z92: =IF(U92="","",IF(F92="Virtual Asincrónico",1,V92*U92)) -> 1 | AA92: 1 | AC92: Interno | AD92: OBLIGATORIO - Tema Nuevo
B93: 6250-PFIN-26 | C93: https://sistema-eventos.edu.gt/ticket?id=93 | D93: Resuelto | E93: Media | F93: Virtual Asincrónico | H93: Curso 86 | I93: Mesa de Entrada | J93: 46219.606 | K93: Varias Dependencias | L93: 46223.347 | M93: Gestor 3 | R93: 46237 | S93: 46241 | T93: =IF(U93="","",IF(U93=W93,1,0)) -> 1 | U93: 1 | V93: 5 | W93: =IF(B93="","",COUNTIFS(Ejecucion[No. Solicitud],Registro!B93,Ejecucion[Estado],"Finalizado")) -> 1 | X93: =IF(B93="","",COUNTIFS(Ejecucion[No. Solicitud],Registro!B93,Ejecucion[Estado],"No Iniciado")) -> 0 | Y93: =IF(B93="","",COUNTIFS(Ejecucion[No. Solicitud],Registro!B93,Ejecucion[Estado],"En Proceso")) -> 0 | Z93: =IF(U93="","",IF(F93="Virtual Asincrónico",1,V93*U93)) -> 1 | AC93: Externo | AD93: TRASLADO A DFV - Ruta B
B94: 6240-PFIN-26 | C94: https://sistema-eventos.edu.gt/ticket?id=94 | D94: Resuelto | E94: Media | F94: Mixto | H94: Curso 87 | I94: Mesa de Entrada | J94: 46216.4 | K94: Varias Dependencias | L94: 46216.526 | M94: Gestor 1 | N94: 145634 | O94: Capacitación de certificación cisco ccna2 | P94: 26-16350 | Q94: 5000 | R94: 46272 | S94: 46297 | T94: =IF(U94="","",IF(U94=W94,1,0)) -> 1 | U94: 1 | V94: 5 | W94: 1 | X94: =IF(B94="","",COUNTIFS(Ejecucion[No. Solicitud],Registro!B94,Ejecucion[Estado],"No Iniciado")) -> 0 | Y94: =IF(B94="","",COUNTIFS(Ejecucion[No. Solicitud],Registro!B94,Ejecucion[Estado],"En Proceso")) -> 0 | Z94: =IF(U94="","",IF(F94="Virtual Asincrónico",1,V94*U94)) -> 5 | AC94: Externo | AD94: CAMBIO DINÁMICO: Interno a Externo
B95: 6234-PFIN-26 | C95: https://sistema-eventos.edu.gt/ticket?id=95 | D95: Abierto | E95: Baja | F95: Virtual Asincrónico | H95: Curso 88 | I95: Mesa de Entrada | J95: 46212.482 | K95: Dependencia 3 | L95: 46212.553 | M95: Gestor 5 | N95: 120748 | O95: Capacitación sobre control de inventarios | P95: 26-16345 | R95: 46349 | S95: 46353 | T95: =IF(U95="","",IF(U95=W95,1,0)) -> 0 | U95: 1 | V95: 5 | W95: =IF(B95="","",COUNTIFS(Ejecucion[No. Solicitud],Registro!B95,Ejecucion[Estado],"Finalizado")) -> 0 | X95: =IF(B95="","",COUNTIFS(Ejecucion[No. Solicitud],Registro!B95,Ejecucion[Estado],"No Iniciado")) -> 0 | Y95: =IF(B95="","",COUNTIFS(Ejecucion[No. Solicitud],Registro!B95,Ejecucion[Estado],"En Proceso")) -> 1 | Z95: =IF(U95="","",IF(F95="Virtual Asincrónico",1,V95*U95)) -> 1 | AC95: Externo | AD95: TRASLADO A DFV - Ruta B
B96: 6232-PFIN-26 | C96: https://sistema-eventos.edu.gt/ticket?id=96 | D96: Resuelto | E96: Media | F96: Virtual Sincrónico | H96: Curso 89 | I96: Mesa de Entrada | J96: 46212.366 | K96: Dependencia 3 | L96: 46212.387 | M96: Gestor 4 | R96: 46238 | S96: 46246 | T96: =IF(U96="","",IF(U96=W96,1,0)) -> 1 | U96: 2 | V96: 2 | W96: 2 | X96: =IF(B96="","",COUNTIFS(Ejecucion[No. Solicitud],Registro!B96,Ejecucion[Estado],"No Iniciado")) -> 0 | Y96: =IF(B96="","",COUNTIFS(Ejecucion[No. Solicitud],Registro!B96,Ejecucion[Estado],"En Proceso")) -> 0 | Z96: =IF(U96="","",IF(F96="Virtual Asincrónico",1,V96*U96)) -> 4 | AA96: 4 | AB96: 0 | AC96: Interno | AD96: OBLIGATORIO - Primera Vez
B97: 6223-EXTCC-26 | C97: https://sistema-eventos.edu.gt/ticket?id=97 | D97: Resuelto | E97: Media | F97: Presencial | H97: Curso 90 | I97: Mesa de Entrada | J97: 46206.434 | K97: Varias Dependencias | L97: 46211.235 | M97: Gestor 5 | N97: 172434 | O97: Capacitación sobre motivación laboral | R97: 46230 | S97: 46230 | T97: =IF(U97="","",IF(U97=W97,1,0)) -> 1 | U97: 1 | V97: 1 | W97: =IF(B97="","",COUNTIFS(Ejecucion[No. Solicitud],Registro!B97,Ejecucion[Estado],"Finalizado")) -> 1 | X97: =IF(B97="","",COUNTIFS(Ejecucion[No. Solicitud],Registro!B97,Ejecucion[Estado],"No Iniciado")) -> 0 | Y97: =IF(B97="","",COUNTIFS(Ejecucion[No. Solicitud],Registro!B97,Ejecucion[Estado],"En Proceso")) -> 0 | Z97: =IF(U97="","",IF(F97="Virtual Asincrónico",1,V97*U97)) -> 1 | AA97: 1 | AC97: Externo | AD97: OBLIGATORIO - Tema Nuevo
B98: 6384-PFIN-26 | C98: https://sistema-eventos.edu.gt/ticket?id=98 | D98: Abierto | E98: Baja | F98: Virtual Sincrónico | H98: Curso 91 | I98: Mesa de Entrada | J98: 46286.627 | K98: Dependencia 1 | L98: 46287.349 | M98: Gestor 3 | T98: =IF(U98="","",IF(U98=W98,1,0)) | W98: =IF(B98="","",COUNTIFS(Ejecucion[No. Solicitud],Registro!B98,Ejecucion[Estado],"Finalizado")) -> 0 | X98: =IF(B98="","",COUNTIFS(Ejecucion[No. Solicitud],Registro!B98,Ejecucion[Estado],"No Iniciado")) -> 0 | Y98: =IF(B98="","",COUNTIFS(Ejecucion[No. Solicitud],Registro!B98,Ejecucion[Estado],"En Proceso")) -> 1 | Z98: =IF(U98="","",IF(F98="Virtual Asincrónico",1,V98*U98)) | AC98: Externo | AD98: OBLIGATORIO - Primera Vez
B99: 6222-PFIN-26 | C99: https://sistema-eventos.edu.gt/ticket?id=99 | D99: Cancelado | E99: Baja | F99: Presencial | G99: Programa 3 | H99: Curso 92 | I99: Mesa de Entrada | J99: 46204.454 | K99: Varias Dependencias | L99: 46204.531 | M99: Gestor 2 | N99: 193909 | O99: Experiencia de Atención y Cultura de Servicio al Contribuyente | T99: =IF(U99="","",IF(U99=W99,1,0)) | W99: =IF(B99="","",COUNTIFS(Ejecucion[No. Solicitud],Registro!B99,Ejecucion[Estado],"Finalizado")) -> 0 | X99: =IF(B99="","",COUNTIFS(Ejecucion[No. Solicitud],Registro!B99,Ejecucion[Estado],"No Iniciado")) -> 0 | Y99: =IF(B99="","",COUNTIFS(Ejecucion[No. Solicitud],Registro!B99,Ejecucion[Estado],"En Proceso")) -> 0 | Z99: =IF(U99="","",IF(F99="Virtual Asincrónico",1,V99*U99)) | AC99: Cooperante | AD99: OBLIGATORIO - Tema Nuevo
B100: 6221-PFIN-26 | C100: https://sistema-eventos.edu.gt/ticket?id=100 | D100: Resuelto | E100: Alta | F100: Presencial | G100: Programa 3 | H100: Curso 93 | I100: Mesa de Entrada | J100: 46204.454 | K100: Varias Dependencias | L100: 46204.501 | M100: Gestor 2 | N100: 77247 | O100: Servicios de capacitación en materia de atención al contribuyente | P100: 26-14732 | R100: 46230 | S100: 46238 | T100: =IF(U100="","",IF(U100=W100,1,0)) -> 1 | U100: 3 | V100: 2 | W100: 3 | X100: =IF(B100="","",COUNTIFS(Ejecucion[No. Solicitud],Registro!B100,Ejecucion[Estado],"No Iniciado")) -> 0 | Y100: =IF(B100="","",COUNTIFS(Ejecucion[No. Solicitud],Registro!B100,Ejecucion[Estado],"En Proceso")) -> 0 | Z100: =IF(U100="","",IF(F100="Virtual Asincrónico",1,V100*U100)) -> 6 | AA100: 6 | AB100: 0 | AC100: Externo | AD100: CAMBIO DINÁMICO: Interno a Externo
B101: 6220-PFIN-26 | C101: https://sistema-eventos.edu.gt/ticket?id=101 | D101: Resuelto | E101: Urgente | F101: Presencial | G101: 1er. Congreso | H101: Curso 94 | I101: Mesa de Entrada | J101: 46204.434 | K101: Varias Dependencias | L101: 46204.444 | M101: Gestor 3 | R101: 46211 | S101: 46211 | T101: =IF(U101="","",IF(U101=W101,1,0)) -> 1 | U101: 1 | V101: 1 | W101: 1 | X101: =IF(B101="","",COUNTIFS(Ejecucion[No. Solicitud],Registro!B101,Ejecucion[Estado],"No Iniciado")) -> 0 | Y101: =IF(B101="","",COUNTIFS(Ejecucion[No. Solicitud],Registro!B101,Ejecucion[Estado],"En Proceso")) -> 0 | Z101: =IF(U101="","",IF(F101="Virtual Asincrónico",1,V101*U101)) -> 1 | AA101: 1 | AC101: Interno | AD101: CAMBIO DINÁMICO: Interno a Externo
B102: 6215-PFIN-26 | C102: https://sistema-eventos.edu.gt/ticket?id=102 | D102: Resuelto | E102: Urgente | F102: Presencial | G102: 1er. Congreso | H102: Curso 95 | I102: Mesa de Entrada | J102: 46198.402 | K102: Varias Dependencias | L102: 46203.296 | M102: Gestor 3 | R102: 46211 | S102: 46211 | T102: =IF(U102="","",IF(U102=W102,1,0)) -> 1 | U102: 1 | V102: 1 | W102: 1 | X102: =IF(B102="","",COUNTIFS(Ejecucion[No. Solicitud],Registro!B102,Ejecucion[Estado],"No Iniciado")) -> 0 | Y102: =IF(B102="","",COUNTIFS(Ejecucion[No. Solicitud],Registro!B102,Ejecucion[Estado],"En Proceso")) -> 0 | Z102: =IF(U102="","",IF(F102="Virtual Asincrónico",1,V102*U102)) -> 1 | AA102: 1 | AC102: Cooperante | AD102: CAMBIO DINÁMICO: Interno a Externo
B103: 6212-PFIN-26 | C103: https://sistema-eventos.edu.gt/ticket?id=103 | D103: Resuelto | E103: Baja | F103: Presencial | H103: Curso 96 | I103: Mesa de Entrada | J103: 46197.443 | K103: Dependencia 5 | L103: 46197.53 | M103: Gestor 1 | N103: 100115 | O103: Curso para el diseño de protocolo de inspección, auditorias y supervisión de empresas de almacenamiento, envasado y distribución de hidrocarburos | P103: 26-16363 | Q103: 17500 | R103: 46245 | S103: 46254 | T103: =IF(U103="","",IF(U103=W103,1,0)) -> 1 | U103: 2 | V103: 3 | W103: 2 | X103: =IF(B103="","",COUNTIFS(Ejecucion[No. Solicitud],Registro!B103,Ejecucion[Estado],"No Iniciado")) -> 0 | Y103: =IF(B103="","",COUNTIFS(Ejecucion[No. Solicitud],Registro!B103,Ejecucion[Estado],"En Proceso")) -> 0 | Z103: =IF(U103="","",IF(F103="Virtual Asincrónico",1,V103*U103)) -> 6 | AA103: 6 | AC103: Externo | AD103: OBLIGATORIO - Docente Nuevo
B104: 6212-PFIN-26 | C104: https://sistema-eventos.edu.gt/ticket?id=104 | D104: Resuelto | E104: Baja | F104: Presencial | H104: Curso 97 | I104: Mesa de Entrada | J104: 46197.443 | K104: Dependencia 5 | L104: 46197.53 | M104: Gestor 1 | N104: 100115 | O104: Curso para el diseño de protocolo de inspección, auditorias y supervisión de empresas de almacenamiento, envasado y distribución de hidrocarburos | P104: 26-19144 | Q104: 17500 | R104: 46273 | S104: 46283 | T104: =IF(U104="","",IF(U104=W104,1,0)) -> 1 | U104: 2 | V104: 3 | W104: 2 | X104: =IF(B104="","",COUNTIFS(Ejecucion[No. Solicitud],Registro!B104,Ejecucion[Estado],"No Iniciado")) -> 0 | Y104: =IF(B104="","",COUNTIFS(Ejecucion[No. Solicitud],Registro!B104,Ejecucion[Estado],"En Proceso")) -> 0 | Z104: =IF(U104="","",IF(F104="Virtual Asincrónico",1,V104*U104)) -> 6 | AA104: 6 | AC104: Externo | AD104: REGULAR - Muestreo Aleatorio
B105: 6211-PFIN-26 | C105: https://sistema-eventos.edu.gt/ticket?id=105 | D105: Resuelto | E105: Baja | F105: Presencial | H105: Curso 98 | I105: Mesa de Entrada | J105: 46195.337 | K105: Varias Dependencias | L105: 46195.536 | M105: Gestor 1 | N105: 199038 | O105: Capacitación sobre la conservación y restauración de documentos | P105: 26-14164 | Q105: 15000 | R105: 46245 | S105: 46247 | T105: =IF(U105="","",IF(U105=W105,1,0)) -> 1 | U105: 2 | V105: 1 | W105: 2 | X105: =IF(B105="","",COUNTIFS(Ejecucion[No. Solicitud],Registro!B105,Ejecucion[Estado],"No Iniciado")) -> 0 | Y105: =IF(B105="","",COUNTIFS(Ejecucion[No. Solicitud],Registro!B105,Ejecucion[Estado],"En Proceso")) -> 0 | Z105: =IF(U105="","",IF(F105="Virtual Asincrónico",1,V105*U105)) -> 2 | AA105: 2 | AC105: Externo | AD105: CAMBIO DINÁMICO: Interno a Externo
...

Sheet GestionDocente
A7: Ticket # | B7: Nombre del evento formativo | C7: Fecha de asignación | D7: Asignado a: | E7: Fecha de inicio del curso | F7: Dias hábiles para el inicio | G7: Dias Docente antes del inicio | H7: Fecha Propuesta Docente | I7: Fecha de solicitud a la Depen / Coop | J7: Observaciones interno / Cooperación | K7: Solicitud de verificación presupuestaria | L7: Asignación - Solicitud verificación | M7: Observaciones Externo | N7: Fecha de asignación / adjudicación docente
A8: =IF(Registro!B8="","",Registro!B8) -> 6262-PFIN-26 | B8: =IF(Registro!B8="","",Registro!H8) -> Curso 1 | C8: =IF(Registro!B8="","",Registro!L8) -> 46227.59 | D8: =IF(Registro!B8="","",Registro!M8) -> Gestor 1 | E8: =IF(A8="","",_xlfn.XLOOKUP(A8,Registro!$B$8:$B$997,Registro!$R$8:$R$997,"N/E",0)) -> 46272 | F8: =IF(A8="","",NETWORKDAYS.INTL(C8,E8,1)) -> 32 | G8: 5 | K8: N/A | L8: =IF(OR(K8="N/A",K8=""),"",NETWORKDAYS(C8,K8))
A9: =IF(Registro!B9="","",Registro!B9) -> 6261-PFIN-26 | B9: =IF(Registro!B9="","",Registro!H9) -> Curso 2 | C9: =IF(Registro!B9="","",Registro!L9) -> 46227.602 | D9: =IF(Registro!B9="","",Registro!M9) -> Gestor 4 | E9: =IF(A9="","",_xlfn.XLOOKUP(A9,Registro!$B$8:$B$997,Registro!$R$8:$R$997,"N/E",0)) -> 46259 | F9: =IF(A9="","",NETWORKDAYS.INTL(C9,E9,1)) -> 23 | K9: N/A | L9: =IF(OR(K9="N/A",K9=""),"",NETWORKDAYS(C9,K9))
A10: =IF(Registro!B10="","",Registro!B10) -> 6275-PFIN-26 | B10: =IF(Registro!B10="","",Registro!H10) -> Curso 3 | C10: =IF(Registro!B10="","",Registro!L10) -> 46237.353 | D10: =IF(Registro!B10="","",Registro!M10) -> Gestor 5 | E10: =IF(A10="","",_xlfn.XLOOKUP(A10,Registro!$B$8:$B$997,Registro!$R$8:$R$997,"N/E",0)) -> 46246 | F10: =IF(A10="","",NETWORKDAYS.INTL(C10,E10,1)) -> 8 | K10: N/A | L10: =IF(OR(K10="N/A",K10=""),"",NETWORKDAYS(C10,K10))
A11: =IF(Registro!B11="","",Registro!B11) -> 6276-PFIN-26 | B11: =IF(Registro!B11="","",Registro!H11) -> Curso 4 | C11: =IF(Registro!B11="","",Registro!L11) -> 46237.442 | D11: =IF(Registro!B11="","",Registro!M11) -> Gestor 3 | E11: =IF(A11="","",_xlfn.XLOOKUP(A11,Registro!$B$8:$B$997,Registro!$R$8:$R$997,"N/E",0)) -> 46261 | F11: =IF(A11="","",NETWORKDAYS.INTL(C11,E11,1)) -> 19 | K11: 46237 | L11: 46239
A12: =IF(Registro!B12="","",Registro!B12) -> 6278-PFIN-26 | B12: =IF(Registro!B12="","",Registro!H12) -> Curso 5 | C12: =IF(Registro!B12="","",Registro!L12) -> 46238.394 | D12: =IF(Registro!B12="","",Registro!M12) -> Gestor 5 | E12: =IF(A12="","",_xlfn.XLOOKUP(A12,Registro!$B$8:$B$997,Registro!$R$8:$R$997,"N/E",0)) -> 46274 | F12: =IF(A12="","",NETWORKDAYS.INTL(C12,E12,1)) -> 27 | L12: =IF(OR(K12="N/A",K12=""),"",NETWORKDAYS(C12,K12))
A13: =IF(Registro!B13="","",Registro!B13) -> 6281-PFIN-26 | B13: =IF(Registro!B13="","",Registro!H13) -> Curso 6 | C13: =IF(Registro!B13="","",Registro!L13) -> 46238.44 | D13: =IF(Registro!B13="","",Registro!M13) -> Gestor 3 | E13: =IF(A13="","",_xlfn.XLOOKUP(A13,Registro!$B$8:$B$997,Registro!$R$8:$R$997,"N/E",0)) -> 46308 | F13: =IF(A13="","",NETWORKDAYS.INTL(C13,E13,1)) -> 51 | K13: 46255 | L13: 46259
A14: =IF(Registro!B14="","",Registro!B14) -> 6283-PFIN-26 | B14: =IF(Registro!B14="","",Registro!H14) -> Curso 7 | C14: =IF(Registro!B14="","",Registro!L14) -> 46238.44 | D14: =IF(Registro!B14="","",Registro!M14) -> Gestor 4 | E14: =IF(A14="","",_xlfn.XLOOKUP(A14,Registro!$B$8:$B$997,Registro!$R$8:$R$997,"N/E",0)) -> 46304 | F14: =IF(A14="","",NETWORKDAYS.INTL(C14,E14,1)) -> 49 | K14: N/A | L14: =IF(OR(K14="N/A",K14=""),"",NETWORKDAYS(C14,K14))
A15: =IF(Registro!B15="","",Registro!B15) -> 6284-PFIN-26 | B15: =IF(Registro!B15="","",Registro!H15) -> Curso 8 | C15: =IF(Registro!B15="","",Registro!L15) -> 46238.441 | D15: =IF(Registro!B15="","",Registro!M15) -> Gestor 1 | E15: =IF(A15="","",_xlfn.XLOOKUP(A15,Registro!$B$8:$B$997,Registro!$R$8:$R$997,"N/E",0)) -> 46329 | F15: =IF(A15="","",NETWORKDAYS.INTL(C15,E15,1)) -> 66 | K15: 46254 | L15: 46258
A16: =IF(Registro!B16="","",Registro!B16) -> 6286-PFIN-26 | B16: =IF(Registro!B16="","",Registro!H16) -> Curso 9 | C16: =IF(Registro!B16="","",Registro!L16) -> 46240.625 | D16: =IF(Registro!B16="","",Registro!M16) -> Gestor 4 | E16: =IF(A16="","",_xlfn.XLOOKUP(A16,Registro!$B$8:$B$997,Registro!$R$8:$R$997,"N/E",0)) -> 46350 | F16: =IF(A16="","",NETWORKDAYS.INTL(C16,E16,1)) -> 79 | K16: N/A | L16: =IF(OR(K16="N/A",K16=""),"",NETWORKDAYS(C16,K16))
A17: =IF(Registro!B17="","",Registro!B17) -> 6288-PFIN-26 | B17: =IF(Registro!B17="","",Registro!H17) -> Curso 10 | C17: =IF(Registro!B17="","",Registro!L17) -> 46240.626 | D17: =IF(Registro!B17="","",Registro!M17) -> Gestor 2 | E17: =IF(A17="","",_xlfn.XLOOKUP(A17,Registro!$B$8:$B$997,Registro!$R$8:$R$997,"N/E",0)) -> 46282 | F17: =IF(A17="","",NETWORKDAYS.INTL(C17,E17,1)) -> 31 | K17: 46245 | L17: 46245
A18: =IF(Registro!B18="","",Registro!B18) -> 6282-PFIN-26 | B18: =IF(Registro!B18="","",Registro!H18) -> Curso 11 | C18: =IF(Registro!B18="","",Registro!L18) -> 46240.628 | D18: =IF(Registro!B18="","",Registro!M18) -> Gestor 5 | E18: =IF(A18="","",_xlfn.XLOOKUP(A18,Registro!$B$8:$B$997,Registro!$R$8:$R$997,"N/E",0)) -> 46262 | F18: =IF(A18="","",NETWORKDAYS.INTL(C18,E18,1)) -> 17 | K18: 46255 | L18: 46258
A19: =IF(Registro!B19="","",Registro!B19) -> 6289-PFIN-26 | B19: =IF(Registro!B19="","",Registro!H19) -> Curso 12 | C19: =IF(Registro!B19="","",Registro!L19) -> 46240.63 | D19: =IF(Registro!B19="","",Registro!M19) -> Gestor 5 | E19: =IF(A19="","",_xlfn.XLOOKUP(A19,Registro!$B$8:$B$997,Registro!$R$8:$R$997,"N/E",0)) -> 46308 | F19: =IF(A19="","",NETWORKDAYS.INTL(C19,E19,1)) -> 49 | K19: 46241 | L19: 46245
A20: =IF(Registro!B20="","",Registro!B20) -> 6290-PFIN-26 | B20: =IF(Registro!B20="","",Registro!H20) -> Curso 13 | C20: =IF(Registro!B20="","",Registro!L20) -> 46241.354 | D20: =IF(Registro!B20="","",Registro!M20) -> Gestor 4 | E20: =IF(A20="","",_xlfn.XLOOKUP(A20,Registro!$B$8:$B$997,Registro!$R$8:$R$997,"N/E",0)) -> 46268 | F20: =IF(A20="","",NETWORKDAYS.INTL(C20,E20,1)) -> 20 | K20: 46261 | L20: 46262
A21: =IF(Registro!B21="","",Registro!B21) -> 6291-PFIN-26 | B21: =IF(Registro!B21="","",Registro!H21) -> Curso 14 | C21: =IF(Registro!B21="","",Registro!L21) -> 46241.355 | D21: =IF(Registro!B21="","",Registro!M21) -> Gestor 3 | E21: =IF(A21="","",_xlfn.XLOOKUP(A21,Registro!$B$8:$B$997,Registro!$R$8:$R$997,"N/E",0)) -> 46272 | F21: =IF(A21="","",NETWORKDAYS.INTL(C21,E21,1)) -> 22 | K21: N/A | L21: =IF(OR(K21="N/A",K21=""),"",NETWORKDAYS(C21,K21))
A22: =IF(Registro!B22="","",Registro!B22) -> 6292-PFIN-26 | B22: =IF(Registro!B22="","",Registro!H22) -> Curso 15 | C22: =IF(Registro!B22="","",Registro!L22) -> 46241.552 | D22: =IF(Registro!B22="","",Registro!M22) -> Gestor 4 | E22: =IF(A22="","",_xlfn.XLOOKUP(A22,Registro!$B$8:$B$997,Registro!$R$8:$R$997,"N/E",0)) -> 46272 | F22: =IF(A22="","",NETWORKDAYS.INTL(C22,E22,1)) -> 22 | K22: N/A | L22: =IF(OR(K22="N/A",K22=""),"",NETWORKDAYS(C22,K22))
A23: =IF(Registro!B23="","",Registro!B23) -> 6294-PFIN-26 | B23: =IF(Registro!B23="","",Registro!H23) -> Curso 16 | C23: =IF(Registro!B23="","",Registro!L23) -> 46241.57 | D23: =IF(Registro!B23="","",Registro!M23) -> Gestor 3 | E23: =IF(A23="","",_xlfn.XLOOKUP(A23,Registro!$B$8:$B$997,Registro!$R$8:$R$997,"N/E",0)) -> 46308 | F23: =IF(A23="","",NETWORKDAYS.INTL(C23,E23,1)) -> 48 | K23: 46244 | L23: 46245
A24: =IF(Registro!B24="","",Registro!B24) -> 6296-EXTNN-26 | B24: =IF(Registro!B24="","",Registro!H24) -> Curso 17 | C24: =IF(Registro!B24="","",Registro!L24) -> 46241.615 | D24: =IF(Registro!B24="","",Registro!M24) -> Gestor 3 | E24: =IF(A24="","",_xlfn.XLOOKUP(A24,Registro!$B$8:$B$997,Registro!$R$8:$R$997,"N/E",0)) -> 46246 | F24: =IF(A24="","",NETWORKDAYS.INTL(C24,E24,1)) -> 4 | K24: N/A | L24: =IF(OR(K24="N/A",K24=""),"",NETWORKDAYS(C24,K24))
A25: =IF(Registro!B25="","",Registro!B25) -> 6297-PFIN-26 | B25: =IF(Registro!B25="","",Registro!H25) -> Curso 18 | C25: =IF(Registro!B25="","",Registro!L25) -> 46241.615 | D25: =IF(Registro!B25="","",Registro!M25) -> Gestor 1 | E25: =IF(A25="","",_xlfn.XLOOKUP(A25,Registro!$B$8:$B$997,Registro!$R$8:$R$997,"N/E",0)) -> 46300 | F25: =IF(A25="","",NETWORKDAYS.INTL(C25,E25,1)) -> 42 | K25: 46244 | L25: 46245
A26: =IF(Registro!B26="","",Registro!B26) -> 6295-PFIN-26 | B26: =IF(Registro!B26="","",Registro!H26) -> Curso 19 | C26: =IF(Registro!B26="","",Registro!L26) -> 46282.384 | D26: =IF(Registro!B26="","",Registro!M26) -> Gestor 5 | E26: =IF(A26="","",_xlfn.XLOOKUP(A26,Registro!$B$8:$B$997,Registro!$R$8:$R$997,"N/E",0)) -> 46314 | F26: =IF(A26="","",NETWORKDAYS.INTL(C26,E26,1)) -> 23 | K26: N/A | L26: =IF(OR(K26="N/A",K26=""),"",NETWORKDAYS(C26,K26))
A27: =IF(Registro!B27="","",Registro!B27) -> 6298-PFIN-26 | B27: =IF(Registro!B27="","",Registro!H27) -> Curso 20 | C27: =IF(Registro!B27="","",Registro!L27) -> 46244.485 | D27: =IF(Registro!B27="","",Registro!M27) -> Gestor 4 | E27: =IF(A27="","",_xlfn.XLOOKUP(A27,Registro!$B$8:$B$997,Registro!$R$8:$R$997,"N/E",0)) -> 46287 | F27: =IF(A27="","",NETWORKDAYS.INTL(C27,E27,1)) -> 32 | K27: N/A | L27: =IF(OR(K27="N/A",K27=""),"",NETWORKDAYS(C27,K27))
A28: =IF(Registro!B28="","",Registro!B28) -> 6299-PFIN-26 | B28: =IF(Registro!B28="","",Registro!H28) -> Curso 21 | C28: =IF(Registro!B28="","",Registro!L28) -> 46244.483 | D28: =IF(Registro!B28="","",Registro!M28) -> Gestor 2 | E28: =IF(A28="","",_xlfn.XLOOKUP(A28,Registro!$B$8:$B$997,Registro!$R$8:$R$997,"N/E",0)) -> 46310 | F28: =IF(A28="","",NETWORKDAYS.INTL(C28,E28,1)) -> 49 | K28: 46253 | L28: 46254
A29: =IF(Registro!B29="","",Registro!B29) -> 6304-PFIN-26 | B29: =IF(Registro!B29="","",Registro!H29) -> Curso 22 | C29: =IF(Registro!B29="","",Registro!L29) -> 46245.452 | D29: =IF(Registro!B29="","",Registro!M29) -> Gestor 4 | E29: =IF(A29="","",_xlfn.XLOOKUP(A29,Registro!$B$8:$B$997,Registro!$R$8:$R$997,"N/E",0)) -> 46266 | F29: =IF(A29="","",NETWORKDAYS.INTL(C29,E29,1)) -> 16 | K29: N/A | L29: =IF(OR(K29="N/A",K29=""),"",NETWORKDAYS(C29,K29))
A30: =IF(Registro!B30="","",Registro!B30) -> 6305-PFIN-26 | B30: =IF(Registro!B30="","",Registro!H30) -> Curso 23 | C30: =IF(Registro!B30="","",Registro!L30) -> 46245.453 | D30: =IF(Registro!B30="","",Registro!M30) -> Gestor 4 | E30: =IF(A30="","",_xlfn.XLOOKUP(A30,Registro!$B$8:$B$997,Registro!$R$8:$R$997,"N/E",0)) -> 46266 | F30: =IF(A30="","",NETWORKDAYS.INTL(C30,E30,1)) -> 16 | K30: N/A | L30: =IF(OR(K30="N/A",K30=""),"",NETWORKDAYS(C30,K30))
A31: =IF(Registro!B31="","",Registro!B31) -> 6306-PFIN-26 | B31: =IF(Registro!B31="","",Registro!H31) -> Curso 24 | C31: =IF(Registro!B31="","",Registro!L31) -> 46245.453 | D31: =IF(Registro!B31="","",Registro!M31) -> Gestor 4 | E31: =IF(A31="","",_xlfn.XLOOKUP(A31,Registro!$B$8:$B$997,Registro!$R$8:$R$997,"N/E",0)) -> 46266 | F31: =IF(A31="","",NETWORKDAYS.INTL(C31,E31,1)) -> 16 | K31: N/A | L31: =IF(OR(K31="N/A",K31=""),"",NETWORKDAYS(C31,K31))
A32: =IF(Registro!B32="","",Registro!B32) -> 6312-PFIN-26 | B32: =IF(Registro!B32="","",Registro!H32) -> Curso 25 | C32: =IF(Registro!B32="","",Registro!L32) -> 46251.334 | D32: =IF(Registro!B32="","",Registro!M32) -> Gestor 1 | E32: =IF(A32="","",_xlfn.XLOOKUP(A32,Registro!$B$8:$B$997,Registro!$R$8:$R$997,"N/E",0)) -> 46287 | F32: =IF(A32="","",NETWORKDAYS.INTL(C32,E32,1)) -> 27 | K32: 46251 | L32: 46254
A33: =IF(Registro!B33="","",Registro!B33) -> 6313-PFIN-26 | B33: =IF(Registro!B33="","",Registro!H33) -> Curso 26 | C33: =IF(Registro!B33="","",Registro!L33) -> 46251.345 | D33: =IF(Registro!B33="","",Registro!M33) -> Gestor 5 | E33: =IF(A33="","",_xlfn.XLOOKUP(A33,Registro!$B$8:$B$997,Registro!$R$8:$R$997,"N/E",0)) -> 46316 | F33: =IF(A33="","",NETWORKDAYS.INTL(C33,E33,1)) -> 48 | K33: 46261 | L33: =IF(OR(K33="N/A",K33=""),"",NETWORKDAYS(C33,K33)) -> 9
A34: =IF(Registro!B34="","",Registro!B34) -> 6315-PFIN-26 | B34: =IF(Registro!B34="","",Registro!H34) -> Curso 27 | C34: =IF(Registro!B34="","",Registro!L34) -> 46253.46 | D34: =IF(Registro!B34="","",Registro!M34) -> Gestor 2 | E34: =IF(A34="","",_xlfn.XLOOKUP(A34,Registro!$B$8:$B$997,Registro!$R$8:$R$997,"N/E",0)) -> 46286 | F34: =IF(A34="","",NETWORKDAYS.INTL(C34,E34,1)) -> 24 | K34: 46253 | L34: 46254
A35: =IF(Registro!B35="","",Registro!B35) -> 6316-PFIN-26 | B35: =IF(Registro!B35="","",Registro!H35) -> Curso 28 | C35: =IF(Registro!B35="","",Registro!L35) -> 46253.46 | D35: =IF(Registro!B35="","",Registro!M35) -> Gestor 2 | E35: =IF(A35="","",_xlfn.XLOOKUP(A35,Registro!$B$8:$B$997,Registro!$R$8:$R$997,"N/E",0)) -> 46300 | F35: =IF(A35="","",NETWORKDAYS.INTL(C35,E35,1)) -> 34 | K35: 46253 | L35: 46255
A36: =IF(Registro!B36="","",Registro!B36) -> 6319-PFIN-26 | B36: =IF(Registro!B36="","",Registro!H36) -> Curso 29 | C36: =IF(Registro!B36="","",Registro!L36) -> 46254.422 | D36: =IF(Registro!B36="","",Registro!M36) -> Gestor 4 | E36: =IF(A36="","",_xlfn.XLOOKUP(A36,Registro!$B$8:$B$997,Registro!$R$8:$R$997,"N/E",0)) -> 46321 | F36: =IF(A36="","",NETWORKDAYS.INTL(C36,E36,1)) -> 48 | K36: 46255 | L36: =IF(OR(K36="N/A",K36=""),"",NETWORKDAYS(C36,K36)) -> 2
A37: =IF(Registro!B37="","",Registro!B37) -> 6320-PFIN-26 | B37: =IF(Registro!B37="","",Registro!H37) -> Curso 30 | C37: =IF(Registro!B37="","",Registro!L37) -> 46254.604 | D37: =IF(Registro!B37="","",Registro!M37) -> Gestor 1 | E37: =IF(A37="","",_xlfn.XLOOKUP(A37,Registro!$B$8:$B$997,Registro!$R$8:$R$997,"N/E",0)) -> 46329 | F37: =IF(A37="","",NETWORKDAYS.INTL(C37,E37,1)) -> 54 | K37: 46262 | L37: =IF(OR(K37="N/A",K37=""),"",NETWORKDAYS(C37,K37)) -> 7 | M37: Solicitud de creación código de insumo
A38: =IF(Registro!B38="","",Registro!B38) -> 6321-PFIN-26 | B38: =IF(Registro!B38="","",Registro!H38) -> Curso 31 | C38: =IF(Registro!B38="","",Registro!L38) -> 46255.309 | D38: =IF(Registro!B38="","",Registro!M38) -> Gestor 1 | E38: =IF(A38="","",_xlfn.XLOOKUP(A38,Registro!$B$8:$B$997,Registro!$R$8:$R$997,"N/E",0)) -> 46349 | F38: =IF(A38="","",NETWORKDAYS.INTL(C38,E38,1)) -> 67 | L38: =IF(OR(K38="N/A",K38=""),"",NETWORKDAYS(C38,K38))
A39: =IF(Registro!B39="","",Registro!B39) -> 6322-PFIN-26 | B39: =IF(Registro!B39="","",Registro!H39) -> Curso 32 | C39: =IF(Registro!B39="","",Registro!L39) -> 46255.309 | D39: =IF(Registro!B39="","",Registro!M39) -> Gestor 4 | E39: =IF(A39="","",_xlfn.XLOOKUP(A39,Registro!$B$8:$B$997,Registro!$R$8:$R$997,"N/E",0)) -> 46353 | F39: =IF(A39="","",NETWORKDAYS.INTL(C39,E39,1)) -> 71 | K39: 46258 | L39: 46267
A40: =IF(Registro!B40="","",Registro!B40) -> 6333-PFIN-26 | B40: =IF(Registro!B40="","",Registro!H40) -> Curso 33 | C40: =IF(Registro!B40="","",Registro!L40) -> 46260.297 | D40: =IF(Registro!B40="","",Registro!M40) -> Gestor 1 | E40: =IF(A40="","",_xlfn.XLOOKUP(A40,Registro!$B$8:$B$997,Registro!$R$8:$R$997,"N/E",0)) -> 46293 | F40: =IF(A40="","",NETWORKDAYS.INTL(C40,E40,1)) -> 24 | L40: =IF(OR(K40="N/A",K40=""),"",NETWORKDAYS(C40,K40))
A41: =IF(Registro!B41="","",Registro!B41) -> 6340-PFIN-26 | B41: =IF(Registro!B41="","",Registro!H41) -> Curso 34 | C41: =IF(Registro!B41="","",Registro!L41) -> 46261.457 | D41: =IF(Registro!B41="","",Registro!M41) -> Gestor 3 | E41: =IF(A41="","",_xlfn.XLOOKUP(A41,Registro!$B$8:$B$997,Registro!$R$8:$R$997,"N/E",0)) -> 46308 | F41: =IF(A41="","",NETWORKDAYS.INTL(C41,E41,1)) -> 34 | K41: N/A | L41: =IF(OR(K41="N/A",K41=""),"",NETWORKDAYS(C41,K41))
A42: =IF(Registro!B42="","",Registro!B42) -> 6341-PFIN-26 | B42: =IF(Registro!B42="","",Registro!H42) -> Curso 35 | C42: =IF(Registro!B42="","",Registro!L42) -> 46261.457 | D42: =IF(Registro!B42="","",Registro!M42) -> Gestor 2 | E42: =IF(A42="","",_xlfn.XLOOKUP(A42,Registro!$B$8:$B$997,Registro!$R$8:$R$997,"N/E",0)) -> 46316 | F42: =IF(A42="","",NETWORKDAYS.INTL(C42,E42,1)) -> 40 | L42: =IF(OR(K42="N/A",K42=""),"",NETWORKDAYS(C42,K42))
A43: =IF(Registro!B43="","",Registro!B43) -> 6342-PFIN-26 | B43: =IF(Registro!B43="","",Registro!H43) -> Curso 36 | C43: =IF(Registro!B43="","",Registro!L43) -> 46261.458 | D43: =IF(Registro!B43="","",Registro!M43) -> Gestor 4 | E43: =IF(A43="","",_xlfn.XLOOKUP(A43,Registro!$B$8:$B$997,Registro!$R$8:$R$997,"N/E",0)) -> 46331 | F43: =IF(A43="","",NETWORKDAYS.INTL(C43,E43,1)) -> 51 | K43: N/A | L43: =IF(OR(K43="N/A",K43=""),"",NETWORKDAYS(C43,K43))
A44: =IF(Registro!B44="","",Registro!B44) -> 6347-PFIN-26 | B44: =IF(Registro!B44="","",Registro!H44) -> Curso 37 | C44: =IF(Registro!B44="","",Registro!L44) -> 46262.567 | D44: =IF(Registro!B44="","",Registro!M44) -> Gestor 3 | E44: =IF(A44="","",_xlfn.XLOOKUP(A44,Registro!$B$8:$B$997,Registro!$R$8:$R$997,"N/E",0)) -> 46266 | F44: =IF(A44="","",NETWORKDAYS.INTL(C44,E44,1)) -> 3 | K44: N/A | L44: =IF(OR(K44="N/A",K44=""),"",NETWORKDAYS(C44,K44))
A45: =IF(Registro!B45="","",Registro!B45) -> 6346-PFIN-26 | B45: =IF(Registro!B45="","",Registro!H45) -> Curso 38 | C45: =IF(Registro!B45="","",Registro!L45) -> 46265.395 | D45: =IF(Registro!B45="","",Registro!M45) -> Gestor 2 | E45: =IF(A45="","",_xlfn.XLOOKUP(A45,Registro!$B$8:$B$997,Registro!$R$8:$R$997,"N/E",0)) -> 46289 | F45: =IF(A45="","",NETWORKDAYS.INTL(C45,E45,1)) -> 19 | K45: 46265 | L45: 46267
A46: =IF(Registro!B46="","",Registro!B46) -> 6348-PFIN-26 | B46: =IF(Registro!B46="","",Registro!H46) -> Curso 39 | C46: =IF(Registro!B46="","",Registro!L46) -> 46265.418 | D46: =IF(Registro!B46="","",Registro!M46) -> Gestor 5 | E46: =IF(A46="","",_xlfn.XLOOKUP(A46,Registro!$B$8:$B$997,Registro!$R$8:$R$997,"N/E",0)) -> 46304 | F46: =IF(A46="","",NETWORKDAYS.INTL(C46,E46,1)) -> 30 | L46: =IF(OR(K46="N/A",K46=""),"",NETWORKDAYS(C46,K46))
A47: =IF(Registro!B47="","",Registro!B47) -> 6285-PFIN-26 | B47: =IF(Registro!B47="","",Registro!H47) -> Curso 40 | C47: =IF(Registro!B47="","",Registro!L47) -> 46238.58 | D47: =IF(Registro!B47="","",Registro!M47) -> Gestor 5 | E47: =IF(A47="","",_xlfn.XLOOKUP(A47,Registro!$B$8:$B$997,Registro!$R$8:$R$997,"N/E",0)) -> 46286 | F47: =IF(A47="","",NETWORKDAYS.INTL(C47,E47,1)) -> 35 | K47: 46261 | L47: 46266
A48: =IF(Registro!B48="","",Registro!B48) -> 6357-PFIN-26 | B48: =IF(Registro!B48="","",Registro!H48) -> Curso 41 | C48: =IF(Registro!B48="","",Registro!L48) -> 46269.451 | D48: =IF(Registro!B48="","",Registro!M48) -> Gestor 5 | E48: =IF(A48="","",_xlfn.XLOOKUP(A48,Registro!$B$8:$B$997,Registro!$R$8:$R$997,"N/E",0)) -> 46286 | F48: =IF(A48="","",NETWORKDAYS.INTL(C48,E48,1)) -> 12 | L48: =IF(OR(K48="N/A",K48=""),"",NETWORKDAYS(C48,K48))
A49: =IF(Registro!B49="","",Registro!B49) -> 5792-PFAN-26 | B49: =IF(Registro!B49="","",Registro!H49) -> Curso 42 | C49: =IF(Registro!B49="","",Registro!L49) -> 46006 | D49: =IF(Registro!B49="","",Registro!M49) -> Gestor 1 | E49: 46118 | F49: =IF(A49="","",NETWORKDAYS.INTL(C49,E49,1)) -> 81 | L49: =IF(OR(K49="N/A",K49=""),"",NETWORKDAYS(C49,K49))
A50: 5793-PFAN-26 | B50: Metodologías en análisis de datos aplicadas al Modelo de Gobierno de Datos en la SAT | C50: =IF(Registro!B50="","",Registro!L50) -> 46371 | D50: =IF(Registro!B50="","",Registro!M50) -> Gestor 1 | E50: 46252 | F50: =IF(A50="","",NETWORKDAYS.INTL(C50,E50,1)) -> -86 | L50: =IF(OR(K50="N/A",K50=""),"",NETWORKDAYS(C50,K50))
A51: =IF(Registro!B51="","",Registro!B51) -> 5794-PFAN-26 | B51: =IF(Registro!B51="","",Registro!H51) -> Curso 44 | C51: =IF(Registro!B51="","",Registro!L51) -> 46006 | D51: =IF(Registro!B51="","",Registro!M51) -> Gestor 1 | E51: =IF(A51="","",_xlfn.XLOOKUP(A51,Registro!$B$8:$B$997,Registro!$R$8:$R$997,"N/E",0)) -> 0 | F51: =IF(A51="","",NETWORKDAYS.INTL(C51,E51,1)) -> -32861 | L51: =IF(OR(K51="N/A",K51=""),"",NETWORKDAYS(C51,K51))
A52: =IF(Registro!B52="","",Registro!B52) -> 5795-PFAN-26 | B52: =IF(Registro!B52="","",Registro!H52) -> Curso 45 | C52: =IF(Registro!B52="","",Registro!L52) -> 46006.658 | D52: =IF(Registro!B52="","",Registro!M52) -> Gestor 1 | E52: =IF(A52="","",_xlfn.XLOOKUP(A52,Registro!$B$8:$B$997,Registro!$R$8:$R$997,"N/E",0)) -> 0 | F52: =IF(A52="","",NETWORKDAYS.INTL(C52,E52,1)) -> -32861 | L52: =IF(OR(K52="N/A",K52=""),"",NETWORKDAYS(C52,K52))
A53: =IF(Registro!B53="","",Registro!B53) -> 5796-PFAN-26 | B53: =IF(Registro!B53="","",Registro!H53) -> Curso 46 | C53: =IF(Registro!B53="","",Registro!L53) -> 46006.478 | D53: =IF(Registro!B53="","",Registro!M53) -> Gestor 1 | E53: =IF(A53="","",_xlfn.XLOOKUP(A53,Registro!$B$8:$B$997,Registro!$R$8:$R$997,"N/E",0)) -> 0 | F53: =IF(A53="","",NETWORKDAYS.INTL(C53,E53,1)) -> -32861 | L53: =IF(OR(K53="N/A",K53=""),"",NETWORKDAYS(C53,K53))
A54: =IF(Registro!B54="","",Registro!B54) -> 5797-PFAN-26 | B54: =IF(Registro!B54="","",Registro!H54) -> Curso 47 | C54: =IF(Registro!B54="","",Registro!L54) -> 46006.659 | D54: =IF(Registro!B54="","",Registro!M54) -> Gestor 1 | E54: =IF(A54="","",_xlfn.XLOOKUP(A54,Registro!$B$8:$B$997,Registro!$R$8:$R$997,"N/E",0)) -> 0 | F54: =IF(A54="","",NETWORKDAYS.INTL(C54,E54,1)) -> -32861 | L54: =IF(OR(K54="N/A",K54=""),"",NETWORKDAYS(C54,K54))
A55: =IF(Registro!B55="","",Registro!B55) -> 5808-PFAN-26 | B55: =IF(Registro!B55="","",Registro!H55) -> Curso 48 | C55: =IF(Registro!B55="","",Registro!L55) -> 46021.615 | D55: =IF(Registro!B55="","",Registro!M55) -> Gestor 1 | E55: =IF(A55="","",_xlfn.XLOOKUP(A55,Registro!$B$8:$B$997,Registro!$R$8:$R$997,"N/E",0)) -> 46090 | F55: =IF(A55="","",NETWORKDAYS.INTL(C55,E55,1)) -> 50 | L55: =IF(OR(K55="N/A",K55=""),"",NETWORKDAYS(C55,K55))
A56: =IF(Registro!B56="","",Registro!B56) -> 5809-PFAN-26 | B56: =IF(Registro!B56="","",Registro!H56) -> Curso 49 | C56: =IF(Registro!B56="","",Registro!L56) -> 46021.61 | D56: =IF(Registro!B56="","",Registro!M56) -> Gestor 1 | E56: =IF(A56="","",_xlfn.XLOOKUP(A56,Registro!$B$8:$B$997,Registro!$R$8:$R$997,"N/E",0)) -> 46188 | F56: =IF(A56="","",NETWORKDAYS.INTL(C56,E56,1)) -> 120 | L56: =IF(OR(K56="N/A",K56=""),"",NETWORKDAYS(C56,K56))
A57: =IF(Registro!B57="","",Registro!B57) -> 5810-PFAN-26 | B57: =IF(Registro!B57="","",Registro!H57) -> Curso 50 | C57: =IF(Registro!B57="","",Registro!L57) -> 46021.611 | D57: =IF(Registro!B57="","",Registro!M57) -> Gestor 1 | E57: =IF(A57="","",_xlfn.XLOOKUP(A57,Registro!$B$8:$B$997,Registro!$R$8:$R$997,"N/E",0)) -> 46223 | F57: =IF(A57="","",NETWORKDAYS.INTL(C57,E57,1)) -> 145 | L57: =IF(OR(K57="N/A",K57=""),"",NETWORKDAYS(C57,K57)) | N57: 46155
A58: =IF(Registro!B58="","",Registro!B58) -> 5811-PFAN-26 | B58: =IF(Registro!B58="","",Registro!H58) -> Curso 51 | C58: 46021.615 | D58: =IF(Registro!B58="","",Registro!M58) -> Gestor 1 | E58: =IF(A58="","",_xlfn.XLOOKUP(A58,Registro!$B$8:$B$997,Registro!$R$8:$R$997,"N/E",0)) -> 46296 | F58: =IF(A58="","",NETWORKDAYS.INTL(C58,E58,1)) -> 198 | L58: =IF(OR(K58="N/A",K58=""),"",NETWORKDAYS(C58,K58))
A59: =IF(Registro!B59="","",Registro!B59) -> 5814-PFAN-26 | B59: =IF(Registro!B59="","",Registro!H59) -> Curso 52 | C59: =IF(Registro!B59="","",Registro!L59) -> 46029.399 | D59: =IF(Registro!B59="","",Registro!M59) -> Gestor 5 | E59: =IF(A59="","",_xlfn.XLOOKUP(A59,Registro!$B$8:$B$997,Registro!$R$8:$R$997,"N/E",0)) -> 46044 | F59: =IF(A59="","",NETWORKDAYS.INTL(C59,E59,1)) -> 12 | G59: 2 | K59: 46029 | L59: 46034 | N59: 46042
A60: =IF(Registro!B60="","",Registro!B60) -> 5817-PFAN-26 | B60: =IF(Registro!B60="","",Registro!H60) -> Curso 53 | C60: =IF(Registro!B60="","",Registro!L60) -> 46027.664 | D60: =IF(Registro!B60="","",Registro!M60) -> Gestor 2 | E60: =IF(A60="","",_xlfn.XLOOKUP(A60,Registro!$B$8:$B$997,Registro!$R$8:$R$997,"N/E",0)) -> 46160 | F60: =IF(A60="","",NETWORKDAYS.INTL(C60,E60,1)) -> 96 | N60: 46036
A61: =IF(Registro!B61="","",Registro!B61) -> 5818-PFAN-26 | B61: =IF(Registro!B61="","",Registro!H61) -> Curso 54 | C61: =IF(Registro!B61="","",Registro!L61) -> 46028.338 | D61: =IF(Registro!B61="","",Registro!M61) -> Gestor 2 | E61: =IF(A61="","",_xlfn.XLOOKUP(A61,Registro!$B$8:$B$997,Registro!$R$8:$R$997,"N/E",0)) -> 46162 | F61: =IF(A61="","",NETWORKDAYS.INTL(C61,E61,1)) -> 97 | G61: 2
A62: 5822-PFAN-26 | B62: Gestión del Cambio | C62: =IF(Registro!B62="","",Registro!L62) -> 46031.497 | D62: =IF(Registro!B62="","",Registro!M62) -> Gestor 1 | E62: =IF(A62="","",_xlfn.XLOOKUP(A62,Registro!$B$8:$B$997,Registro!$R$8:$R$997,"N/E",0)) -> 46042 | F62: =IF(A62="","",NETWORKDAYS.INTL(C62,E62,1)) -> 8 | K62: 46031 | L62: 46034 | N62: 46038
A63: =IF(Registro!B63="","",Registro!B63) -> 6360-PFIN-26 | B63: =IF(Registro!B63="","",Registro!H63) -> Curso 56 | C63: =IF(Registro!B63="","",Registro!L63) -> 46272.458 | D63: =IF(Registro!B63="","",Registro!M63) -> Gestor 2 | E63: =IF(A63="","",_xlfn.XLOOKUP(A63,Registro!$B$8:$B$997,Registro!$R$8:$R$997,"N/E",0)) -> 46310 | F63: =IF(A63="","",NETWORKDAYS.INTL(C63,E63,1)) -> 29 | L63: =IF(OR(K63="N/A",K63=""),"",NETWORKDAYS(C63,K63))
A64: =IF(Registro!B64="","",Registro!B64) -> 5836-PFAN-26 | B64: =IF(Registro!B64="","",Registro!H64) -> Curso 57 | C64: =IF(Registro!B64="","",Registro!L64) -> 46194.592 | D64: =IF(Registro!B64="","",Registro!M64) -> Gestor 5 | E64: =IF(A64="","",_xlfn.XLOOKUP(A64,Registro!$B$8:$B$997,Registro!$R$8:$R$997,"N/E",0)) -> 46057 | F64: =IF(A64="","",NETWORKDAYS.INTL(C64,E64,1)) -> -98 | G64: 2 | K64: 46044 | L64: 46044 | N64: 46055
A65: =IF(Registro!B65="","",Registro!B65) -> 6359-PFIN-26 | B65: =IF(Registro!B65="","",Registro!H65) -> Curso 58 | C65: =IF(Registro!B65="","",Registro!L65) -> 46272.458 | D65: =IF(Registro!B65="","",Registro!M65) -> Gestor 2 | E65: =IF(A65="","",_xlfn.XLOOKUP(A65,Registro!$B$8:$B$997,Registro!$R$8:$R$997,"N/E",0)) -> 46329 | F65: =IF(A65="","",NETWORKDAYS.INTL(C65,E65,1)) -> 42 | L65: =IF(OR(K65="N/A",K65=""),"",NETWORKDAYS(C65,K65))
A66: =IF(Registro!B66="","",Registro!B66) -> 5837-PFAN-26 | B66: =IF(Registro!B66="","",Registro!H66) -> Curso 59 | C66: =IF(Registro!B66="","",Registro!L66) -> 46043.428 | D66: =IF(Registro!B66="","",Registro!M66) -> Gestor 2 | E66: =IF(A66="","",_xlfn.XLOOKUP(A66,Registro!$B$8:$B$997,Registro!$R$8:$R$997,"N/E",0)) -> 46092 | F66: =IF(A66="","",NETWORKDAYS.INTL(C66,E66,1)) -> 36 | K66: 46059 | L66: 46063 | N66: 46090
A67: =IF(Registro!B67="","",Registro!B67) -> 5829-PFAN-26 | B67: =IF(Registro!B67="","",Registro!H67) -> Curso 60 | C67: 46043.46 | D67: =IF(Registro!B67="","",Registro!M67) -> Gestor 3 | E67: =IF(A67="","",_xlfn.XLOOKUP(A67,Registro!$B$8:$B$997,Registro!$R$8:$R$997,"N/E",0)) -> 46097 | F67: =IF(A67="","",NETWORKDAYS.INTL(C67,E67,1)) -> 39 | K67: 46072 | L67: 46072 | N67: 46121
A68: =IF(Registro!B68="","",Registro!B68) -> 5838-PFAN-26 | B68: =IF(Registro!B68="","",Registro!H68) -> Curso 61 | C68: =IF(Registro!B68="","",Registro!L68) -> 46043.588 | D68: =IF(Registro!B68="","",Registro!M68) -> Gestor 3 | E68: =IF(A68="","",_xlfn.XLOOKUP(A68,Registro!$B$8:$B$997,Registro!$R$8:$R$997,"N/E",0)) -> 46104 | F68: =IF(A68="","",NETWORKDAYS.INTL(C68,E68,1)) -> 44 | K68: N/A | L68: N/A | N68: 46108
A69: =IF(Registro!B69="","",Registro!B69) -> 5845-PFA-26 | B69: =IF(Registro!B69="","",Registro!H69) -> Curso 62 | C69: =IF(Registro!B69="","",Registro!L69) -> 46050.594 | D69: =IF(Registro!B69="","",Registro!M69) -> Gestor 2 | E69: =IF(A69="","",_xlfn.XLOOKUP(A69,Registro!$B$8:$B$997,Registro!$R$8:$R$997,"N/E",0)) -> 46083 | F69: =IF(A69="","",NETWORKDAYS.INTL(C69,E69,1)) -> 24 | K69: N/A | L69: N/A | N69: 46079
A70: 5846-PFAN-26 | B70: =IF(Registro!B70="","",Registro!H70) -> Curso 63 | C70: 46050 | D70: =IF(Registro!B70="","",Registro!M70) -> Gestor 2 | E70: =IF(A70="","",_xlfn.XLOOKUP(A70,Registro!$B$8:$B$997,Registro!$R$8:$R$997,"N/E",0)) -> 46083 | F70: =IF(A70="","",NETWORKDAYS.INTL(C70,E70,1)) -> 24 | K70: N/A | L70: N/A | N70: 46079
A71: =IF(Registro!B71="","",Registro!B71) -> 5847-PFAN-26 | B71: =IF(Registro!B71="","",Registro!H71) -> Curso 64 | C71: =IF(Registro!B71="","",Registro!L71) -> 46050.35 | D71: =IF(Registro!B71="","",Registro!M71) -> Gestor 2 | E71: =IF(A71="","",_xlfn.XLOOKUP(A71,Registro!$B$8:$B$997,Registro!$R$8:$R$997,"N/E",0)) -> 46084 | F71: =IF(A71="","",NETWORKDAYS.INTL(C71,E71,1)) -> 25 | K71: N/A | L71: N/A | N71: 46079
A72: 5848-PFAN-26 | B72: =IF(Registro!B72="","",Registro!H72) -> Curso 65 | C72: =IF(Registro!B72="","",Registro!L72) -> 46050.346 | D72: =IF(Registro!B72="","",Registro!M72) -> Gestor 5 | E72: =IF(A72="","",_xlfn.XLOOKUP(A72,Registro!$B$8:$B$997,Registro!$R$8:$R$997,"N/E",0)) -> 46104 | F72: =IF(A72="","",NETWORKDAYS.INTL(C72,E72,1)) -> 39 | K72: 46050 | L72: 46066 | N72: 46121
A73: =IF(Registro!B73="","",Registro!B73) -> 5849-PFAN-26 | B73: =IF(Registro!B73="","",Registro!H73) -> Curso 66 | C73: 46050.644 | D73: Angie Merida | E73: 46087 | F73: =IF(A73="","",NETWORKDAYS.INTL(C73,E73,1)) -> 28 | K73: N/A | L73: N/A | N73: 46080
A74: =IF(Registro!B74="","",Registro!B74) -> 5850-PFAN-26 | B74: =IF(Registro!B74="","",Registro!H74) -> Curso 67 | C74: 46050.355 | D74: =IF(Registro!B74="","",Registro!M74) -> Gestor 2 | E74: =IF(A74="","",_xlfn.XLOOKUP(A74,Registro!$B$8:$B$997,Registro!$R$8:$R$997,"N/E",0)) -> 46085 | F74: =IF(A74="","",NETWORKDAYS.INTL(C74,E74,1)) -> 26 | K74: N/A | L74: N/A | N74: 46079
A75: 5851-PFAN-26 | B75: =IF(Registro!B75="","",Registro!H75) -> Curso 68 | C75: =IF(Registro!B75="","",Registro!L75) -> 46050.358 | D75: =IF(Registro!B75="","",Registro!M75) -> Gestor 2 | E75: =IF(A75="","",_xlfn.XLOOKUP(A75,Registro!$B$8:$B$997,Registro!$R$8:$R$997,"N/E",0)) -> 46085 | F75: =IF(A75="","",NETWORKDAYS.INTL(C75,E75,1)) -> 26 | K75: N/A | L75: N/A | N75: 46079
A76: 5852-PFAN-26 | B76: =IF(Registro!B76="","",Registro!H76) -> Curso 69 | C76: =IF(Registro!B76="","",Registro!L76) -> 46050.361 | D76: =IF(Registro!B76="","",Registro!M76) -> Gestor 2 | E76: 46087 | F76: =IF(A76="","",NETWORKDAYS.INTL(C76,E76,1)) -> 28 | K76: N/A | L76: N/A | N76: 46079
A77: =IF(Registro!B77="","",Registro!B77) -> 5853-PFAN-26 | B77: =IF(Registro!B77="","",Registro!H77) -> Curso 70 | C77: =IF(Registro!B77="","",Registro!L77) -> 46050.364 | D77: =IF(Registro!B77="","",Registro!M77) -> Gestor 2 | E77: =IF(A77="","",_xlfn.XLOOKUP(A77,Registro!$B$8:$B$997,Registro!$R$8:$R$997,"N/E",0)) -> 46086 | F77: =IF(A77="","",NETWORKDAYS.INTL(C77,E77,1)) -> 27 | K77: N/A | L77: N/A | N77: 46079
A78: =IF(Registro!B78="","",Registro!B78) -> 5854-PFAN-26 | B78: =IF(Registro!B78="","",Registro!H78) -> Curso 71 | C78: =IF(Registro!B78="","",Registro!L78) -> 46050.366 | D78: =IF(Registro!B78="","",Registro!M78) -> Gestor 2 | E78: =IF(A78="","",_xlfn.XLOOKUP(A78,Registro!$B$8:$B$997,Registro!$R$8:$R$997,"N/E",0)) -> 46090 | F78: =IF(A78="","",NETWORKDAYS.INTL(C78,E78,1)) -> 29 | K78: N/A | L78: N/A | N78: 46079
A79: =IF(Registro!B79="","",Registro!B79) -> 5855-PFAN-26 | B79: =IF(Registro!B79="","",Registro!H79) -> Curso 72 | C79: =IF(Registro!B79="","",Registro!L79) -> 46050.366 | D79: =IF(Registro!B79="","",Registro!M79) -> Gestor 2 | E79: =IF(A79="","",_xlfn.XLOOKUP(A79,Registro!$B$8:$B$997,Registro!$R$8:$R$997,"N/E",0)) -> 46087 | F79: =IF(A79="","",NETWORKDAYS.INTL(C79,E79,1)) -> 28 | K79: N/A | L79: N/A | N79: 46085
A80: =IF(Registro!B80="","",Registro!B80) -> 5856-PFAN-26 | B80: =IF(Registro!B80="","",Registro!H80) -> Curso 73 | C80: =IF(Registro!B80="","",Registro!L80) -> 46050.37 | D80: =IF(Registro!B80="","",Registro!M80) -> Gestor 2 | E80: =IF(A80="","",_xlfn.XLOOKUP(A80,Registro!$B$8:$B$997,Registro!$R$8:$R$997,"N/E",0)) -> 46090 | F80: =IF(A80="","",NETWORKDAYS.INTL(C80,E80,1)) -> 29 | K80: N/A | L80: N/A | N80: 46080
A81: =IF(Registro!B81="","",Registro!B81) -> 5857-PFAN-26 | B81: =IF(Registro!B81="","",Registro!H81) -> Curso 74 | C81: =IF(Registro!B81="","",Registro!L81) -> 46050.651 | D81: =IF(Registro!B81="","",Registro!M81) -> Gestor 2 | E81: =IF(A81="","",_xlfn.XLOOKUP(A81,Registro!$B$8:$B$997,Registro!$R$8:$R$997,"N/E",0)) -> 46092 | F81: =IF(A81="","",NETWORKDAYS.INTL(C81,E81,1)) -> 31 | K81: N/A | L81: N/A | N81: 46080
A82: =IF(Registro!B82="","",Registro!B82) -> 6373-PFIN-26 | B82: =IF(Registro!B82="","",Registro!H82) -> Curso 75 | C82: =IF(Registro!B82="","",Registro!L82) -> 46282.384 | D82: =IF(Registro!B82="","",Registro!M82) -> Gestor 5 | E82: =IF(A82="","",_xlfn.XLOOKUP(A82,Registro!$B$8:$B$997,Registro!$R$8:$R$997,"N/E",0)) -> 46307 | F82: =IF(A82="","",NETWORKDAYS.INTL(C82,E82,1)) -> 18 | L82: =IF(OR(K82="N/A",K82=""),"",NETWORKDAYS(C82,K82))
A83: =IF(Registro!B83="","",Registro!B83) -> 6371-PFIN-26 | B83: =IF(Registro!B83="","",Registro!H83) -> Curso 76 | C83: =IF(Registro!B83="","",Registro!L83) -> 46282.411 | D83: =IF(Registro!B83="","",Registro!M83) -> Gestor 5 | E83: =IF(A83="","",_xlfn.XLOOKUP(A83,Registro!$B$8:$B$997,Registro!$R$8:$R$997,"N/E",0)) -> 46302 | F83: =IF(A83="","",NETWORKDAYS.INTL(C83,E83,1)) -> 15 | L83: =IF(OR(K83="N/A",K83=""),"",NETWORKDAYS(C83,K83))
A84: =IF(Registro!B84="","",Registro!B84) -> 6374-PFIN-26 | B84: =IF(Registro!B84="","",Registro!H84) -> Curso 77 | C84: =IF(Registro!B84="","",Registro!L84) -> 46282.483 | D84: =IF(Registro!B84="","",Registro!M84) -> Gestor 4 | E84: =IF(A84="","",_xlfn.XLOOKUP(A84,Registro!$B$8:$B$997,Registro!$R$8:$R$997,"N/E",0)) -> 46316 | F84: =IF(A84="","",NETWORKDAYS.INTL(C84,E84,1)) -> 25 | L84: =IF(OR(K84="N/A",K84=""),"",NETWORKDAYS(C84,K84))
A85: =IF(Registro!B85="","",Registro!B85) -> 6375-PFIN-26 | B85: =IF(Registro!B85="","",Registro!H85) -> Curso 78 | C85: =IF(Registro!B85="","",Registro!L85) -> 46282.449 | D85: =IF(Registro!B85="","",Registro!M85) -> Gestor 1 | E85: =IF(A85="","",_xlfn.XLOOKUP(A85,Registro!$B$8:$B$997,Registro!$R$8:$R$997,"N/E",0)) -> 46302 | F85: =IF(A85="","",NETWORKDAYS.INTL(C85,E85,1)) -> 15 | L85: =IF(OR(K85="N/A",K85=""),"",NETWORKDAYS(C85,K85))
A86: =IF(Registro!B86="","",Registro!B86) -> 6376-PFIN-26 | B86: =IF(Registro!B86="","",Registro!H86) -> Curso 79 | C86: =IF(Registro!B86="","",Registro!L86) -> 46282.483 | D86: =IF(Registro!B86="","",Registro!M86) -> Gestor 3 | E86: =IF(A86="","",_xlfn.XLOOKUP(A86,Registro!$B$8:$B$997,Registro!$R$8:$R$997,"N/E",0)) -> 46317 | F86: =IF(A86="","",NETWORKDAYS.INTL(C86,E86,1)) -> 26 | L86: =IF(OR(K86="N/A",K86=""),"",NETWORKDAYS(C86,K86))
A87: =IF(Registro!B87="","",Registro!B87) -> 6377-PFIN-26 | B87: =IF(Registro!B87="","",Registro!H87) -> Curso 80 | C87: =IF(Registro!B87="","",Registro!L87) -> 46282.583 | D87: =IF(Registro!B87="","",Registro!M87) -> Gestor 3 | E87: =IF(A87="","",_xlfn.XLOOKUP(A87,Registro!$B$8:$B$997,Registro!$R$8:$R$997,"N/E",0)) -> 46303 | F87: =IF(A87="","",NETWORKDAYS.INTL(C87,E87,1)) -> 16 | L87: =IF(OR(K87="N/A",K87=""),"",NETWORKDAYS(C87,K87))
A88: =IF(Registro!B88="","",Registro!B88) -> 6378-PFIN-26 | B88: =IF(Registro!B88="","",Registro!H88) -> Curso 81 | C88: =IF(Registro!B88="","",Registro!L88) -> 46282.599 | D88: =IF(Registro!B88="","",Registro!M88) -> Gestor 2 | E88: =IF(A88="","",_xlfn.XLOOKUP(A88,Registro!$B$8:$B$997,Registro!$R$8:$R$997,"N/E",0)) -> 46316 | F88: =IF(A88="","",NETWORKDAYS.INTL(C88,E88,1)) -> 25 | L88: =IF(OR(K88="N/A",K88=""),"",NETWORKDAYS(C88,K88))
A89: =IF(Registro!B89="","",Registro!B89) -> 6257-PFIN-26 | B89: =IF(Registro!B89="","",Registro!H89) -> Curso 82 | C89: =IF(Registro!B89="","",Registro!L89) -> 46225.423 | D89: =IF(Registro!B89="","",Registro!M89) -> Gestor 5 | E89: =IF(A89="","",_xlfn.XLOOKUP(A89,Registro!$B$8:$B$997,Registro!$R$8:$R$997,"N/E",0)) -> 46261 | F89: =IF(A89="","",NETWORKDAYS.INTL(C89,E89,1)) -> 27 | L89: =IF(OR(K89="N/A",K89=""),"",NETWORKDAYS(C89,K89))
A90: =IF(Registro!B90="","",Registro!B90) -> 6253-PFIN-26 | B90: =IF(Registro!B90="","",Registro!H90) -> Curso 83 | C90: =IF(Registro!B90="","",Registro!L90) -> 46223.383 | D90: =IF(Registro!B90="","",Registro!M90) -> Gestor 1 | E90: =IF(A90="","",_xlfn.XLOOKUP(A90,Registro!$B$8:$B$997,Registro!$R$8:$R$997,"N/E",0)) -> 46281 | F90: =IF(A90="","",NETWORKDAYS.INTL(C90,E90,1)) -> 43 | L90: =IF(OR(K90="N/A",K90=""),"",NETWORKDAYS(C90,K90))
A91: =IF(Registro!B91="","",Registro!B91) -> 6252-PFIN-26 | B91: =IF(Registro!B91="","",Registro!H91) -> Curso 84 | C91: =IF(Registro!B91="","",Registro!L91) -> 46223.378 | D91: =IF(Registro!B91="","",Registro!M91) -> Gestor 5 | E91: =IF(A91="","",_xlfn.XLOOKUP(A91,Registro!$B$8:$B$997,Registro!$R$8:$R$997,"N/E",0)) -> 46259 | F91: =IF(A91="","",NETWORKDAYS.INTL(C91,E91,1)) -> 27 | L91: =IF(OR(K91="N/A",K91=""),"",NETWORKDAYS(C91,K91))
A92: =IF(Registro!B92="","",Registro!B92) -> 6251-PFIN-26 | B92: =IF(Registro!B92="","",Registro!H92) -> Curso 85 | C92: =IF(Registro!B92="","",Registro!L92) -> 46223.345 | D92: =IF(Registro!B92="","",Registro!M92) -> Gestor 5 | E92: =IF(A92="","",_xlfn.XLOOKUP(A92,Registro!$B$8:$B$997,Registro!$R$8:$R$997,"N/E",0)) -> 46252 | F92: =IF(A92="","",NETWORKDAYS.INTL(C92,E92,1)) -> 22 | L92: =IF(OR(K92="N/A",K92=""),"",NETWORKDAYS(C92,K92))
A93: =IF(Registro!B93="","",Registro!B93) -> 6250-PFIN-26 | B93: =IF(Registro!B93="","",Registro!H93) -> Curso 86 | C93: =IF(Registro!B93="","",Registro!L93) -> 46223.347 | D93: =IF(Registro!B93="","",Registro!M93) -> Gestor 3 | E93: =IF(A93="","",_xlfn.XLOOKUP(A93,Registro!$B$8:$B$997,Registro!$R$8:$R$997,"N/E",0)) -> 46237 | F93: =IF(A93="","",NETWORKDAYS.INTL(C93,E93,1)) -> 11 | L93: =IF(OR(K93="N/A",K93=""),"",NETWORKDAYS(C93,K93))
... A999: =IF(Registro!B999="","",Registro!B999) | B999: =IF(Registro!B999="","",Registro!H999) | C999: =IF(Registro!B999="","",Registro!L999) | D999: =IF(Registro!B999="","",Registro!M999) | E999: =IF(A999="","",_xlfn.XLOOKUP(A999,Registro!$B$8:$B$997,Registro!$R$8:$R$997,"N/E",0)) | F999: =IF(A999="","",NETWORKDAYS.INTL(C999,E999,1)) | L999: =IF(OR(K999="N/A",K999=""),"",NETWORKDAYS(C999,K999))

Sheet Datos Reportes
D1: Nombados | E1: Aprobados | F1: Reprobados | G1: Inactivos | H1: En Proceso | I1: No Iniciado
D2: =SUM(Ejecucion[Cantidad de Participantes nombrados]) -> 7218 | E2: =SUM(Ejecucion[Participantes Aprobados]) -> 409 | F2: =SUM(Ejecucion[Participantes Reprobados]) -> 6 | G2: =SUM(Ejecucion[Participantes Inactivos]) -> 36 | H2: =SUMIF(Ejecucion[Estado],"En Proceso",Ejecucion[Cantidad de Participantes nombrados]) -> 29 | I2: =SUMIF(Ejecucion[Estado],"No Iniciado",Ejecucion[Cantidad de Participantes nombrados]) -> 0 | K2: =+D2-(E2+F2) -> 6803
B5: Mes | C5: Ejecutado | D5: Proyectado | E5: Indicador | G5: Mes | H5: Indicador
A6: 1 | B6: Enero | C6: =COUNTIFS(Ejecucion[Nun_MES],A6,Ejecucion[Estado],"Finalizado") -> 3 | D6: =COUNTIFS(Ejecucion[Nun_MES],A6) -> 3 | E6: 12 | G6: Enero | H6: 0
A7: 2 | B7: Febrero | C7: =COUNTIFS(Ejecucion[Nun_MES],A7,Ejecucion[Estado],"Finalizado") -> 1 | D7: =COUNTIFS(Ejecucion[Nun_MES],A7) -> 1 | E7: 48 | G7: Febrero | H7: 45
A8: 3 | B8: Marzo | C8: =COUNTIFS(Ejecucion[Nun_MES],A8,Ejecucion[Estado],"Finalizado") -> 26 | D8: =COUNTIFS(Ejecucion[Nun_MES],A8) -> 26 | E8: 63 | G8: Marzo | H8: 45
A9: 4 | B9: Abril | C9: =COUNTIFS(Ejecucion[Nun_MES],A9,Ejecucion[Estado],"Finalizado") -> 42 | D9: =COUNTIFS(Ejecucion[Nun_MES],A9) -> 42 | E9: 64 | G9: Abril | H9: 40
A10: 5 | B10: Mayo | C10: =COUNTIFS(Ejecucion[Nun_MES],A10,Ejecucion[Estado],"Finalizado") -> 33 | D10: =COUNTIFS(Ejecucion[Nun_MES],A10) -> 33 | E10: 63 | G10: Mayo | H10: 45
A11: 6 | B11: Junio | C11: =COUNTIFS(Ejecucion[Nun_MES],A11,Ejecucion[Estado],"Finalizado") -> 38 | D11: =COUNTIFS(Ejecucion[Nun_MES],A11) -> 38 | E11: 98 | G11: Junio | H11: 40
A12: 7 | B12: Julio | C12: =COUNTIFS(Ejecucion[Nun_MES],A12,Ejecucion[Estado],"Finalizado") -> 36 | D12: =COUNTIFS(Ejecucion[Nun_MES],A12) -> 36 | E12: 85 | G12: Julio | H12: 70
A13: 8 | B13: Agosto | C13: =COUNTIFS(Ejecucion[Nun_MES],A13,Ejecucion[Estado],"Finalizado") -> 20 | D13: =COUNTIFS(Ejecucion[Nun_MES],A13) -> 22 | E13: 86 | G13: Agosto | H13: 62
A14: 9 | B14: Septiembre | C14: =COUNTIFS(Ejecucion[Nun_MES],A14,Ejecucion[Estado],"Finalizado") -> 30 | D14: =COUNTIFS(Ejecucion[Nun_MES],A14) -> 32 | E14: 76 | G14: Septiembre | H14: 48
A15: 10 | B15: Octubre | C15: =COUNTIFS(Ejecucion[Nun_MES],A15,Ejecucion[Estado],"Finalizado") -> 6 | D15: =COUNTIFS(Ejecucion[Nun_MES],A15) -> 62 | E15: 63 | G15: Octubre | H15: 43
A16: 11 | B16: Noviembre | C16: =COUNTIFS(Ejecucion[Nun_MES],A16,Ejecucion[Estado],"Finalizado") -> 0 | D16: =COUNTIFS(Ejecucion[Nun_MES],A16) -> 27 | E16: 54 | G16: Noviembre | H16: 41
A17: 12 | B17: Diciembre | C17: =COUNTIFS(Ejecucion[Nun_MES],A17,Ejecucion[Estado],"Finalizado") -> 0 | D17: =COUNTIFS(Ejecucion[Nun_MES],A17) -> 6 | E17: 18 | G17: Diciembre | H17: 22
B18: Total | C18: =SUM(C6:C17) -> 235 | D18: =SUM(D6:D17) -> 328 | E18: =SUM(E6:E17) -> 730 | G18: Total | H18: =SUM(H6:H17) -> 501

Sheet EjecucionXGrupos
A3: 1 | R3: =COUNTIF(Ejecucion[Estado],"Finalizado") -> 235 | T3: =SUBTOTAL(9,Ejecucion[[#All],[Cantidad de Participantes nombrados]]) -> 7218
A4: Correlativo | B4: No. Solicitud | C4: Asignado a | D4: Link de Registro en control | E4: Evento Formativo según PFA / Extraordinario | F4: Grupo | G4: PC | H4: Nombramiento | I4: Fecha Inicio | J4: Fecha Fin | K4: Nun_MES | L4: Estado | M4: Cantidad de Participantes solicitados | N4: Cantidad de Participantes nombrados | O4: Participantes Aprobados | P4: Participantes Reprobados | Q4: Participantes Inactivos | R4: Link de curso en plataforma | S4: Cierre del curso | T4: Observaciones
A5: =ROW() - ROW(Ejecucion[[#Headers],[Correlativo]]) -> 1 | B5: 5792-PFAN-26 | C5: =IF(Ejecucion[[#This Row],[No. Solicitud]]="","",_xlfn.XLOOKUP(Ejecucion[[#This Row],[No. Solicitud]],Registro!$B$8:$B$997,Registro!$M$8:$M$997,"Sin Dato",0)) -> Gestor 1 | D5: =IF(B5="","",HYPERLINK("#"&"Registro!B"&MATCH(B5,Registro!$B$8:$B$999,0)+7,"Ubicar en registro")) -> Ubicar en registro | E5: =IF(C5="","",_xlfn.XLOOKUP(Ejecucion[[#This Row],[No. Solicitud]],Registro!$B$8:$B$999,Registro!$H$8:$H$999,"",0)) -> Curso 42 | F5: 1 | G5: 42826 | H5: 9810-2026 | I5: 46118 | J5: 46122 | K5: =IF(Ejecucion[[#This Row],[Fecha Fin]]="","",MONTH(Ejecucion[[#This Row],[Fecha Fin]])) -> 4 | L5: Finalizado | M5: 32 | N5: 32
A6: =ROW() - ROW(Ejecucion[[#Headers],[Correlativo]]) -> 2 | B6: 5792-PFAN-26 | C6: =IF(Ejecucion[[#This Row],[No. Solicitud]]="","",_xlfn.XLOOKUP(Ejecucion[[#This Row],[No. Solicitud]],Registro!$B$8:$B$997,Registro!$M$8:$M$997,"Sin Dato",0)) -> Gestor 1 | D6: =IF(B6="","",HYPERLINK("#"&"Registro!B"&MATCH(B6,Registro!$B$8:$B$999,0)+7,"Ubicar en registro")) -> Ubicar en registro | E6: =IF(C6="","",_xlfn.XLOOKUP(Ejecucion[[#This Row],[No. Solicitud]],Registro!$B$8:$B$999,Registro!$H$8:$H$999,"",0)) -> Curso 42 | F6: 2 | G6: 43084 | H6: 9976-2026 | I6: 46154 | J6: 46160 | K6: =IF(Ejecucion[[#This Row],[Fecha Fin]]="","",MONTH(Ejecucion[[#This Row],[Fecha Fin]])) -> 5 | L6: Finalizado | M6: 15 | N6: 14
A7: =ROW() - ROW(Ejecucion[[#Headers],[Correlativo]]) -> 3 | B7: 5792-PFAN-26 | C7: =IF(Ejecucion[[#This Row],[No. Solicitud]]="","",_xlfn.XLOOKUP(Ejecucion[[#This Row],[No. Solicitud]],Registro!$B$8:$B$997,Registro!$M$8:$M$997,"Sin Dato",0)) -> Gestor 1 | D7: =IF(B7="","",HYPERLINK("#"&"Registro!B"&MATCH(B7,Registro!$B$8:$B$999,0)+7,"Ubicar en registro")) -> Ubicar en registro | E7: =IF(C7="","",_xlfn.XLOOKUP(Ejecucion[[#This Row],[No. Solicitud]],Registro!$B$8:$B$999,Registro!$H$8:$H$999,"",0)) -> Curso 42 | F7: 3 | G7: 43245 | H7: 10111-2026 | I7: 46181 | J7: 46185 | K7: =IF(Ejecucion[[#This Row],[Fecha Fin]]="","",MONTH(Ejecucion[[#This Row],[Fecha Fin]])) -> 6 | L7: Finalizado | M7: 1 | N7: 1
A8: =ROW() - ROW(Ejecucion[[#Headers],[Correlativo]]) -> 4 | B8: 5793-PFAN-26 | C8: =IF(Ejecucion[[#This Row],[No. Solicitud]]="","",_xlfn.XLOOKUP(Ejecucion[[#This Row],[No. Solicitud]],Registro!$B$8:$B$997,Registro!$M$8:$M$997,"Sin Dato",0)) -> Gestor 1 | D8: =IF(B8="","",HYPERLINK("#"&"Registro!B"&MATCH(B8,Registro!$B$8:$B$999,0)+7,"Ubicar en registro")) -> Ubicar en registro | E8: =IF(C8="","",_xlfn.XLOOKUP(Ejecucion[[#This Row],[No. Solicitud]],Registro!$B$8:$B$999,Registro!$H$8:$H$999,"",0)) -> Curso 43 | F8: 1 | G8: 43103 | H8: 9998-2026 | I8: 46160 | J8: 46164 | K8: =IF(Ejecucion[[#This Row],[Fecha Fin]]="","",MONTH(Ejecucion[[#This Row],[Fecha Fin]])) -> 5 | L8: Finalizado | M8: 32 | N8: 30
A9: =ROW() - ROW(Ejecucion[[#Headers],[Correlativo]]) -> 5 | B9: 5793-PFAN-26 | C9: =IF(Ejecucion[[#This Row],[No. Solicitud]]="","",_xlfn.XLOOKUP(Ejecucion[[#This Row],[No. Solicitud]],Registro!$B$8:$B$997,Registro!$M$8:$M$997,"Sin Dato",0)) -> Gestor 1 | D9: =IF(B9="","",HYPERLINK("#"&"Registro!B"&MATCH(B9,Registro!$B$8:$B$999,0)+7,"Ubicar en registro")) -> Ubicar en registro | E9: =IF(C9="","",_xlfn.XLOOKUP(Ejecucion[[#This Row],[No. Solicitud]],Registro!$B$8:$B$999,Registro!$H$8:$H$999,"",0)) -> Curso 43 | F9: 2 | G9: 43390 | H9: 10265-2026 | I9: 46204 | J9: 46210 | K9: =IF(Ejecucion[[#This Row],[Fecha Fin]]="","",MONTH(Ejecucion[[#This Row],[Fecha Fin]])) -> 7 | L9: Finalizado | M9: 21 | N9: 13
A10: =ROW() - ROW(Ejecucion[[#Headers],[Correlativo]]) -> 6 | B10: 5793-PFAN-26 | C10: =IF(Ejecucion[[#This Row],[No. Solicitud]]="","",_xlfn.XLOOKUP(Ejecucion[[#This Row],[No. Solicitud]],Registro!$B$8:$B$997,Registro!$M$8:$M$997,"Sin Dato",0)) -> Gestor 1 | D10: =IF(B10="","",HYPERLINK("#"&"Registro!B"&MATCH(B10,Registro!$B$8:$B$999,0)+7,"Ubicar en registro")) -> Ubicar en registro | E10: =IF(C10="","",_xlfn.XLOOKUP(Ejecucion[[#This Row],[No. Solicitud]],Registro!$B$8:$B$999,Registro!$H$8:$H$999,"",0)) -> Curso 43 | F10: 3 | G10: 43597 | H10: 10415-2026 | I10: 46230 | J10: 46234 | K10: =IF(Ejecucion[[#This Row],[Fecha Fin]]="","",MONTH(Ejecucion[[#This Row],[Fecha Fin]])) -> 7 | L10: Finalizado | M10: 4 | N10: 3
A11: =ROW() - ROW(Ejecucion[[#Headers],[Correlativo]]) -> 7 | B11: 5793-PFAN-26 | C11: =IF(Ejecucion[[#This Row],[No. Solicitud]]="","",_xlfn.XLOOKUP(Ejecucion[[#This Row],[No. Solicitud]],Registro!$B$8:$B$997,Registro!$M$8:$M$997,"Sin Dato",0)) -> Gestor 1 | D11: =IF(B11="","",HYPERLINK("#"&"Registro!B"&MATCH(B11,Registro!$B$8:$B$999,0)+7,"Ubicar en registro")) -> Ubicar en registro | E11: =IF(C11="","",_xlfn.XLOOKUP(Ejecucion[[#This Row],[No. Solicitud]],Registro!$B$8:$B$999,Registro!$H$8:$H$999,"",0)) -> Curso 43 | F11: 4 | G11: 43854 | H11: 10645-2026 | I11: 46266 | J11: 46272 | K11: =IF(Ejecucion[[#This Row],[Fecha Fin]]="","",MONTH(Ejecucion[[#This Row],[Fecha Fin]])) -> 9 | L11: En Proceso | M11: 1 | N11: 1
A12: =ROW() - ROW(Ejecucion[[#Headers],[Correlativo]]) -> 8 | B12: 5808-PFAN-26 | C12: =IF(Ejecucion[[#This Row],[No. Solicitud]]="","",_xlfn.XLOOKUP(Ejecucion[[#This Row],[No. Solicitud]],Registro!$B$8:$B$997,Registro!$M$8:$M$997,"Sin Dato",0)) -> Gestor 1 | D12: =IF(B12="","",HYPERLINK("#"&"Registro!B"&MATCH(B12,Registro!$B$8:$B$999,0)+7,"Ubicar en registro")) -> Ubicar en registro | E12: =IF(C12="","",_xlfn.XLOOKUP(Ejecucion[[#This Row],[No. Solicitud]],Registro!$B$8:$B$999,Registro!$H$8:$H$999,"",0)) -> Curso 48 | F12: 1 | G12: 42670 | H12: 9653-2026 | I12: 46090 | J12: 46196 | K12: =IF(Ejecucion[[#This Row],[Fecha Fin]]="","",MONTH(Ejecucion[[#This Row],[Fecha Fin]])) -> 6 | L12: Finalizado | M12: 337 | N12: 337
A13: =ROW() - ROW(Ejecucion[[#Headers],[Correlativo]]) -> 9 | B13: 5808-PFAN-26 | C13: =IF(Ejecucion[[#This Row],[No. Solicitud]]="","",_xlfn.XLOOKUP(Ejecucion[[#This Row],[No. Solicitud]],Registro!$B$8:$B$997,Registro!$M$8:$M$997,"Sin Dato",0)) -> Gestor 1 | D13: =IF(B13="","",HYPERLINK("#"&"Registro!B"&MATCH(B13,Registro!$B$8:$B$999,0)+7,"Ubicar en registro")) -> Ubicar en registro | E13: =IF(C13="","",_xlfn.XLOOKUP(Ejecucion[[#This Row],[No. Solicitud]],Registro!$B$8:$B$999,Registro!$H$8:$H$999,"",0)) -> Curso 48 | F13: 2 | G13: 42676 | H13: 9658-2026 | I13: 46097 | J13: 46108 | K13: =IF(Ejecucion[[#This Row],[Fecha Fin]]="","",MONTH(Ejecucion[[#This Row],[Fecha Fin]])) -> 3 | L13: Finalizado | M13: 196 | N13: 196
A14: =ROW() - ROW(Ejecucion[[#Headers],[Correlativo]]) -> 10 | B14: 5808-PFAN-26 | C14: =IF(Ejecucion[[#This Row],[No. Solicitud]]="","",_xlfn.XLOOKUP(Ejecucion[[#This Row],[No. Solicitud]],Registro!$B$8:$B$997,Registro!$M$8:$M$997,"Sin Dato",0)) -> Gestor 1 | D14: =IF(B14="","",HYPERLINK("#"&"Registro!B"&MATCH(B14,Registro!$B$8:$B$999,0)+7,"Ubicar en registro")) -> Ubicar en registro | E14: =IF(C14="","",_xlfn.XLOOKUP(Ejecucion[[#This Row],[No. Solicitud]],Registro!$B$8:$B$999,Registro!$H$8:$H$999,"",0)) -> Curso 48 | F14: 3 | G14: 42820 | H14: 9809-2026 | I14: 46118 | J14: 46129 | K14: =IF(Ejecucion[[#This Row],[Fecha Fin]]="","",MONTH(Ejecucion[[#This Row],[Fecha Fin]])) -> 4 | L14: Finalizado | M14: 132 | N14: 56
A15: =ROW() - ROW(Ejecucion[[#Headers],[Correlativo]]) -> 11 | B15: 5808-PFAN-26 | C15: =IF(Ejecucion[[#This Row],[No. Solicitud]]="","",_xlfn.XLOOKUP(Ejecucion[[#This Row],[No. Solicitud]],Registro!$B$8:$B$997,Registro!$M$8:$M$997,"Sin Dato",0)) -> Gestor 1 | D15: =IF(B15="","",HYPERLINK("#"&"Registro!B"&MATCH(B15,Registro!$B$8:$B$999,0)+7,"Ubicar en registro")) -> Ubicar en registro | E15: =IF(C15="","",_xlfn.XLOOKUP(Ejecucion[[#This Row],[No. Solicitud]],Registro!$B$8:$B$999,Registro!$H$8:$H$999,"",0)) -> Curso 48 | F15: 4 | G15: 42874 | H15: 9852-2026 | I15: 46125 | J15: 46136 | K15: =IF(Ejecucion[[#This Row],[Fecha Fin]]="","",MONTH(Ejecucion[[#This Row],[Fecha Fin]])) -> 4 | L15: Finalizado | M15: 82 | N15: 82
A16: =ROW() - ROW(Ejecucion[[#Headers],[Correlativo]]) -> 12 | B16: 5808-PFAN-26 | C16: =IF(Ejecucion[[#This Row],[No. Solicitud]]="","",_xlfn.XLOOKUP(Ejecucion[[#This Row],[No. Solicitud]],Registro!$B$8:$B$997,Registro!$M$8:$M$997,"Sin Dato",0)) -> Gestor 1 | D16: =IF(B16="","",HYPERLINK("#"&"Registro!B"&MATCH(B16,Registro!$B$8:$B$999,0)+7,"Ubicar en registro")) -> Ubicar en registro | E16: =IF(C16="","",_xlfn.XLOOKUP(Ejecucion[[#This Row],[No. Solicitud]],Registro!$B$8:$B$999,Registro!$H$8:$H$999,"",0)) -> Curso 48 | F16: 5 | G16: 42927 | H16: 9884-2026 | I16: 46132 | J16: 46146 | K16: =IF(Ejecucion[[#This Row],[Fecha Fin]]="","",MONTH(Ejecucion[[#This Row],[Fecha Fin]])) -> 5 | L16: Finalizado | M16: 27 | N16: 27
... A31: =ROW() - ROW(Ejecucion[[#Headers],[Correlativo]]) -> 27 | B31: 5818-PFAN-26 | C31: =IF(Ejecucion[[#This Row],[No. Solicitud]]="","",_xlfn.XLOOKUP(Ejecucion[[#This Row],[No. Solicitud]],Registro!$B$8:$B$997,Registro!$M$8:$M$997,"Sin Dato",0)) -> Gestor 2 | D31: =IF(B31="","",HYPERLINK("#"&"Registro!B"&MATCH(B31,Registro!$B$8:$B$999,0)+7,"Ubicar en registro")) -> Ubicar en registro | E31: =IF(C31="","",_xlfn.XLOOKUP(Ejecucion[[#This Row],[No. Solicitud]],Registro!$B$8:$B$999,Registro!$H$8:$H$999,"",0)) -> Curso 54 | F31: 2 | G31: 43282 | H31: 10150-2026 | I31: 46182 | J31: 46195 | K31: =IF(Ejecucion[[#This Row],[Fecha Fin]]="","",MONTH(Ejecucion[[#This Row],[Fecha Fin]])) -> 6 | L31: Finalizado | M31: 200 | N31: 105
A32: =ROW() - ROW(Ejecucion[[#Headers],[Correlativo]]) -> 28 | B32: 5822-PFAN-26 | C32: =IF(Ejecucion[[#This Row],[No. Solicitud]]="","",_xlfn.XLOOKUP(Ejecucion[[#This Row],[No. Solicitud]],Registro!$B$8:$B$997,Registro!$M$8:$M$997,"Sin Dato",0)) -> Gestor 1 | D32: =IF(B32="","",HYPERLINK("#"&"Registro!B"&MATCH(B32,Registro!$B$8:$B$999,0)+7,"Ubicar en registro")) -> Ubicar en registro | E32: =IF(C32="","",_xlfn.XLOOKUP(Ejecucion[[#This Row],[No. Solicitud]],Registro!$B$8:$B$999,Registro!$H$8:$H$999,"",0)) -> Curso 55 | F32: 1 | I32: 46042 | J32: 46042 | K32: =IF(Ejecucion[[#This Row],[Fecha Fin]]="","",MONTH(Ejecucion[[#This Row],[Fecha Fin]])) -> 1 | L32: Finalizado
A33: =ROW() - ROW(Ejecucion[[#Headers],[Correlativo]]) -> 29 | B33: 5829-PFAN-26 | C33: =IF(Ejecucion[[#This Row],[No. Solicitud]]="","",_xlfn.XLOOKUP(Ejecucion[[#This Row],[No. Solicitud]],Registro!$B$8:$B$997,Registro!$M$8:$M$997,"Sin Dato",0)) -> Gestor 3 | D33: =IF(B33="","",HYPERLINK("#"&"Registro!B"&MATCH(B33,Registro!$B$8:$B$999,0)+7,"Ubicar en registro")) -> Ubicar en registro | E33: =IF(C33="","",_xlfn.XLOOKUP(Ejecucion[[#This Row],[No. Solicitud]],Registro!$B$8:$B$999,Registro!$H$8:$H$999,"",0)) -> Curso 60 | F33: 1 | G33: 42870 | H33: 9845-2026 | I33: 46125 | J33: 46095 | K33: =IF(Ejecucion[[#This Row],[Fecha Fin]]="","",MONTH(Ejecucion[[#This Row],[Fecha Fin]])) -> 3 | L33: Finalizado | M33: 30 | N33: 30 | O33: 30 | P33: 0 | R33: https://ecampus.sat.gob.gt/formacionsat/course/view.php?id=9019
A34: =ROW() - ROW(Ejecucion[[#Headers],[Correlativo]]) -> 30 | B34: 5829-PFAN-26 | C34: =IF(Ejecucion[[#This Row],[No. Solicitud]]="","",_xlfn.XLOOKUP(Ejecucion[[#This Row],[No. Solicitud]],Registro!$B$8:$B$997,Registro!$M$8:$M$997,"Sin Dato",0)) -> Gestor 3 | D34: =IF(B34="","",HYPERLINK("#"&"Registro!B"&MATCH(B34,Registro!$B$8:$B$999,0)+7,"Ubicar en registro")) -> Ubicar en registro | E34: =IF(C34="","",_xlfn.XLOOKUP(Ejecucion[[#This Row],[No. Solicitud]],Registro!$B$8:$B$999,Registro!$H$8:$H$999,"",0)) -> Curso 60 | F34: 2 | G34: 42977 | H34: 9845-2026 | I34: 46135 | J34: 46135 | K34: =IF(Ejecucion[[#This Row],[Fecha Fin]]="","",MONTH(Ejecucion[[#This Row],[Fecha Fin]])) -> 4 | L34: Finalizado | M34: 30 | N34: 30 | O34: 26 | P34: 3 | R34: https://ecampus.sat.gob.gt/formacionsat/course/view.php?id=9042
A35: =ROW() - ROW(Ejecucion[[#Headers],[Correlativo]]) -> 31 | B35: 5829-PFAN-26 | C35: =IF(Ejecucion[[#This Row],[No. Solicitud]]="","",_xlfn.XLOOKUP(Ejecucion[[#This Row],[No. Solicitud]],Registro!$B$8:$B$997,Registro!$M$8:$M$997,"Sin Dato",0)) -> Gestor 3 | D35: =IF(B35="","",HYPERLINK("#"&"Registro!B"&MATCH(B35,Registro!$B$8:$B$999,0)+7,"Ubicar en registro")) -> Ubicar en registro | E35: =IF(C35="","",_xlfn.XLOOKUP(Ejecucion[[#This Row],[No. Solicitud]],Registro!$B$8:$B$999,Registro!$H$8:$H$999,"",0)) -> Curso 60 | F35: 3 | G35: 43056 | H35: 9960-2026 | I35: 46149 | J35: 46149 | K35: =IF(Ejecucion[[#This Row],[Fecha Fin]]="","",MONTH(Ejecucion[[#This Row],[Fecha Fin]])) -> 5 | L35: Finalizado | M35: 30 | N35: 30 | O35: 29 | P35: 0 | R35: https://ecampus.sat.gob.gt/formacionsat/course/view.php?id=9043
A36: =ROW() - ROW(Ejecucion[[#Headers],[Correlativo]]) -> 32 | B36: 5829-PFAN-26 | C36: =IF(Ejecucion[[#This Row],[No. Solicitud]]="","",_xlfn.XLOOKUP(Ejecucion[[#This Row],[No. Solicitud]],Registro!$B$8:$B$997,Registro!$M$8:$M$997,"Sin Dato",0)) -> Gestor 3 | D36: =IF(B36="","",HYPERLINK("#"&"Registro!B"&MATCH(B36,Registro!$B$8:$B$999,0)+7,"Ubicar en registro")) -> Ubicar en registro | E36: =IF(C36="","",_xlfn.XLOOKUP(Ejecucion[[#This Row],[No. Solicitud]],Registro!$B$8:$B$999,Registro!$H$8:$H$999,"",0)) -> Curso 60 | F36: 4 | G36: 43091 | H36: 9994-2026 | I36: 46153 | J36: 46156 | K36: =IF(Ejecucion[[#This Row],[Fecha Fin]]="","",MONTH(Ejecucion[[#This Row],[Fecha Fin]])) -> 5 | L36: Finalizado | M36: 30 | N36: 30 | O36: 24 | P36: 3 | R36: https://ecampus.sat.gob.gt/formacionsat/course/view.php?id=9070
A37: =ROW() - ROW(Ejecucion[[#Headers],[Correlativo]]) -> 33 | B37: 5836-PFAN-26 | C37: =IF(Ejecucion[[#This Row],[No. Solicitud]]="","",_xlfn.XLOOKUP(Ejecucion[[#This Row],[No. Solicitud]],Registro!$B$8:$B$997,Registro!$M$8:$M$997,"Sin Dato",0)) -> Gestor 5 | D37: =IF(B37="","",HYPERLINK("#"&"Registro!B"&MATCH(B37,Registro!$B$8:$B$999,0)+7,"Ubicar en registro")) -> Ubicar en registro | E37: =IF(C37="","",_xlfn.XLOOKUP(Ejecucion[[#This Row],[No. Solicitud]],Registro!$B$8:$B$999,Registro!$H$8:$H$999,"",0)) -> Curso 57 | F37: 1 | G37: 42460 | H37: 9578-2026 | I37: 46057 | J37: 46057 | K37: =IF(Ejecucion[[#This Row],[Fecha Fin]]="","",MONTH(Ejecucion[[#This Row],[Fecha Fin]])) -> 2 | L37: Finalizado | M37: 44 | N37: 42
A38: =ROW() - ROW(Ejecucion[[#Headers],[Correlativo]]) -> 34 | B38: 5837-PFAN-26 | C38: =IF(Ejecucion[[#This Row],[No. Solicitud]]="","",_xlfn.XLOOKUP(Ejecucion[[#This Row],[No. Solicitud]],Registro!$B$8:$B$997,Registro!$M$8:$M$997,"Sin Dato",0)) -> Gestor 2 | D38: =IF(B38="","",HYPERLINK("#"&"Registro!B"&MATCH(B38,Registro!$B$8:$B$999,0)+7,"Ubicar en registro")) -> Ubicar en registro | E38: =IF(C38="","",_xlfn.XLOOKUP(Ejecucion[[#This Row],[No. Solicitud]],Registro!$B$8:$B$999,Registro!$H$8:$H$999,"",0)) -> Curso 59 | F38: 1 | G38: 42674 | H38: 9665-2026 | I38: 46093 | J38: 46094 | K38: =IF(Ejecucion[[#This Row],[Fecha Fin]]="","",MONTH(Ejecucion[[#This Row],[Fecha Fin]])) -> 3 | L38: Finalizado | M38: 32 | N38: 32
A39: =ROW() - ROW(Ejecucion[[#Headers],[Correlativo]]) -> 35 | B39: 5837-PFAN-26 | C39: =IF(Ejecucion[[#This Row],[No. Solicitud]]="","",_xlfn.XLOOKUP(Ejecucion[[#This Row],[No. Solicitud]],Registro!$B$8:$B$997,Registro!$M$8:$M$997,"Sin Dato",0)) -> Gestor 2 | D39: =IF(B39="","",HYPERLINK("#"&"Registro!B"&MATCH(B39,Registro!$B$8:$B$999,0)+7,"Ubicar en registro")) -> Ubicar en registro | E39: =IF(C39="","",_xlfn.XLOOKUP(Ejecucion[[#This Row],[No. Solicitud]],Registro!$B$8:$B$999,Registro!$H$8:$H$999,"",0)) -> Curso 59 | F39: 2 | G39: 42698 | H39: 9679-2026 | I39: 46097 | J39: 46098 | K39: =IF(Ejecucion[[#This Row],[Fecha Fin]]="","",MONTH(Ejecucion[[#This Row],[Fecha Fin]])) -> 3 | L39: Finalizado | M39: 32 | N39: 32
A40: =ROW() - ROW(Ejecucion[[#Headers],[Correlativo]]) -> 36 | B40: 5837-PFAN-26 | C40: =IF(Ejecucion[[#This Row],[No. Solicitud]]="","",_xlfn.XLOOKUP(Ejecucion[[#This Row],[No. Solicitud]],Registro!$B$8:$B$997,Registro!$M$8:$M$997,"Sin Dato",0)) -> Gestor 2 | D40: =IF(B40="","",HYPERLINK("#"&"Registro!B"&MATCH(B40,Registro!$B$8:$B$999,0)+7,"Ubicar en registro")) -> Ubicar en registro | E40: =IF(C40="","",_xlfn.XLOOKUP(Ejecucion[[#This Row],[No. Solicitud]],Registro!$B$8:$B$999,Registro!$H$8:$H$999,"",0)) -> Curso 59 | F40: 3 | G40: 42857 | H40: 9831-2026 | I40: 46125 | J40: 46126 | K40: =IF(Ejecucion[[#This Row],[Fecha Fin]]="","",MONTH(Ejecucion[[#This Row],[Fecha Fin]])) -> 4 | L40: Finalizado | M40: 31 | N40: 31
A41: =ROW() - ROW(Ejecucion[[#Headers],[Correlativo]]) -> 37 | B41: 5838-PFAN-26 | C41: =IF(Ejecucion[[#This Row],[No. Solicitud]]="","",_xlfn.XLOOKUP(Ejecucion[[#This Row],[No. Solicitud]],Registro!$B$8:$B$997,Registro!$M$8:$M$997,"Sin Dato",0)) -> Gestor 3 | D41: =IF(B41="","",HYPERLINK("#"&"Registro!B"&MATCH(B41,Registro!$B$8:$B$999,0)+7,"Ubicar en registro")) -> Ubicar en registro | E41: =IF(C41="","",_xlfn.XLOOKUP(Ejecucion[[#This Row],[No. Solicitud]],Registro!$B$8:$B$999,Registro!$H$8:$H$999,"",0)) -> Curso 61 | F41: 1 | G41: 42882 | H41: 9866-2026 | I41: 46128 | J41: 46134 | K41: =IF(Ejecucion[[#This Row],[Fecha Fin]]="","",MONTH(Ejecucion[[#This Row],[Fecha Fin]])) -> 4 | L41: Finalizado | M41: 89 | N41: 73 | T41: Modalidad Virtual
A42: =ROW() - ROW(Ejecucion[[#Headers],[Correlativo]]) -> 38 | B42: 5838-PFAN-26 | C42: =IF(Ejecucion[[#This Row],[No. Solicitud]]="","",_xlfn.XLOOKUP(Ejecucion[[#This Row],[No. Solicitud]],Registro!$B$8:$B$997,Registro!$M$8:$M$997,"Sin Dato",0)) -> Gestor 3 | D42: =IF(B42="","",HYPERLINK("#"&"Registro!B"&MATCH(B42,Registro!$B$8:$B$999,0)+7,"Ubicar en registro")) -> Ubicar en registro | E42: =IF(C42="","",_xlfn.XLOOKUP(Ejecucion[[#This Row],[No. Solicitud]],Registro!$B$8:$B$999,Registro!$H$8:$H$999,"",0)) -> Curso 61 | F42: 2 | G42: 42886 | H42: 9868-2026 | I42: 46128 | J42: 46134 | K42: =IF(Ejecucion[[#This Row],[Fecha Fin]]="","",MONTH(Ejecucion[[#This Row],[Fecha Fin]])) -> 4 | L42: Finalizado | M42: 55 | N42: 55 | T42: Modalidad Virtual
A43: =ROW() - ROW(Ejecucion[[#Headers],[Correlativo]]) -> 39 | B43: 5838-PFAN-26 | C43: =IF(Ejecucion[[#This Row],[No. Solicitud]]="","",_xlfn.XLOOKUP(Ejecucion[[#This Row],[No. Solicitud]],Registro!$B$8:$B$997,Registro!$M$8:$M$997,"Sin Dato",0)) -> Gestor 3 | D43: =IF(B43="","",HYPERLINK("#"&"Registro!B"&MATCH(B43,Registro!$B$8:$B$999,0)+7,"Ubicar en registro")) -> Ubicar en registro | E43: =IF(C43="","",_xlfn.XLOOKUP(Ejecucion[[#This Row],[No. Solicitud]],Registro!$B$8:$B$999,Registro!$H$8:$H$999,"",0)) -> Curso 61 | F43: 3 | G43: 42888 | H43: 9869-2026 | I43: 46128 | J43: 46134 | K43: =IF(Ejecucion[[#This Row],[Fecha Fin]]="","",MONTH(Ejecucion[[#This Row],[Fecha Fin]])) -> 4 | L43: Finalizado | M43: 6 | N43: 3 | T43: Modalidad Virtual
A44: =ROW() - ROW(Ejecucion[[#Headers],[Correlativo]]) -> 40 | B44: 5838-PFAN-26 | C44: =IF(Ejecucion[[#This Row],[No. Solicitud]]="","",_xlfn.XLOOKUP(Ejecucion[[#This Row],[No. Solicitud]],Registro!$B$8:$B$997,Registro!$M$8:$M$997,"Sin Dato",0)) -> Gestor 3 | D44: =IF(B44="","",HYPERLINK("#"&"Registro!B"&MATCH(B44,Registro!$B$8:$B$999,0)+7,"Ubicar en registro")) -> Ubicar en registro | E44: =IF(C44="","",_xlfn.XLOOKUP(Ejecucion[[#This Row],[No. Solicitud]],Registro!$B$8:$B$999,Registro!$H$8:$H$999,"",0)) -> Curso 61 | F44: 4 | G44: 42889 | H44: 9870-2026 | I44: 46128 | J44: 46134 | K44: =IF(Ejecucion[[#This Row],[Fecha Fin]]="","",MONTH(Ejecucion[[#This Row],[Fecha Fin]])) -> 4 | L44: Finalizado | M44: 10 | N44: 10 | T44: Modalidad Virtual
A45: =ROW() - ROW(Ejecucion[[#Headers],[Correlativo]]) -> 41 | B45: 5838-PFAN-26 | C45: =IF(Ejecucion[[#This Row],[No. Solicitud]]="","",_xlfn.XLOOKUP(Ejecucion[[#This Row],[No. Solicitud]],Registro!$B$8:$B$997,Registro!$M$8:$M$997,"Sin Dato",0)) -> Gestor 3 | D45: =IF(B45="","",HYPERLINK("#"&"Registro!B"&MATCH(B45,Registro!$B$8:$B$999,0)+7,"Ubicar en registro")) -> Ubicar en registro | E45: =IF(C45="","",_xlfn.XLOOKUP(Ejecucion[[#This Row],[No. Solicitud]],Registro!$B$8:$B$999,Registro!$H$8:$H$999,"",0)) -> Curso 61 | F45: 5 | G45: 42890 | H45: 9871-2026 | I45: 46128 | J45: 46134 | K45: =IF(Ejecucion[[#This Row],[Fecha Fin]]="","",MONTH(Ejecucion[[#This Row],[Fecha Fin]])) -> 4 | L45: Finalizado | M45: 19 | N45: 17 | T45: Modalidad Virtual
A46: =ROW() - ROW(Ejecucion[[#Headers],[Correlativo]]) -> 42 | B46: 5838-PFAN-26 | C46: =IF(Ejecucion[[#This Row],[No. Solicitud]]="","",_xlfn.XLOOKUP(Ejecucion[[#This Row],[No. Solicitud]],Registro!$B$8:$B$997,Registro!$M$8:$M$997,"Sin Dato",0)) -> Gestor 3 | D46: =IF(B46="","",HYPERLINK("#"&"Registro!B"&MATCH(B46,Registro!$B$8:$B$999,0)+7,"Ubicar en registro")) -> Ubicar en registro | E46: =IF(C46="","",_xlfn.XLOOKUP(Ejecucion[[#This Row],[No. Solicitud]],Registro!$B$8:$B$999,Registro!$H$8:$H$999,"",0)) -> Curso 61 | F46: 6 | G46: 42950 | H46: 9886-2026 | I46: 46135 | J46: 46141 | K46: =IF(Ejecucion[[#This Row],[Fecha Fin]]="","",MONTH(Ejecucion[[#This Row],[Fecha Fin]])) -> 4 | L46: Finalizado | M46: 43 | N46: 43 | T46: Modalidad Virtual
A47: =ROW() - ROW(Ejecucion[[#Headers],[Correlativo]]) -> 43 | B47: 5838-PFAN-26 | C47: =IF(Ejecucion[[#This Row],[No. Solicitud]]="","",_xlfn.XLOOKUP(Ejecucion[[#This Row],[No. Solicitud]],Registro!$B$8:$B$997,Registro!$M$8:$M$997,"Sin Dato",0)) -> Gestor 3 | D47: =IF(B47="","",HYPERLINK("#"&"Registro!B"&MATCH(B47,Registro!$B$8:$B$999,0)+7,"Ubicar en registro")) -> Ubicar en registro | E47: =IF(C47="","",_xlfn.XLOOKUP(Ejecucion[[#This Row],[No. Solicitud]],Registro!$B$8:$B$999,Registro!$H$8:$H$999,"",0)) -> Curso 61 | F47: 7 | G47: 42951 | H47: 9887-2026 | I47: 46135 | J47: 46141 | K47: =IF(Ejecucion[[#This Row],[Fecha Fin]]="","",MONTH(Ejecucion[[#This Row],[Fecha Fin]])) -> 4 | L47: Finalizado | M47: 28 | N47: 28 | T47: Modalidad Virtual
A48: =ROW() - ROW(Ejecucion[[#Headers],[Correlativo]]) -> 44 | B48: 5838-PFAN-26 | C48: =IF(Ejecucion[[#This Row],[No. Solicitud]]="","",_xlfn.XLOOKUP(Ejecucion[[#This Row],[No. Solicitud]],Registro!$B$8:$B$997,Registro!$M$8:$M$997,"Sin Dato",0)) -> Gestor 3 | D48: =IF(B48="","",HYPERLINK("#"&"Registro!B"&MATCH(B48,Registro!$B$8:$B$999,0)+7,"Ubicar en registro")) -> Ubicar en registro | E48: =IF(C48="","",_xlfn.XLOOKUP(Ejecucion[[#This Row],[No. Solicitud]],Registro!$B$8:$B$999,Registro!$H$8:$H$999,"",0)) -> Curso 61 | F48: 8 | G48: 42952 | H48: 9888-2026 | I48: 46135 | J48: 46141 | K48: =IF(Ejecucion[[#This Row],[Fecha Fin]]="","",MONTH(Ejecucion[[#This Row],[Fecha Fin]])) -> 4 | L48: Finalizado | M48: 5 | N48: 3 | T48: Modalidad Virtual
A49: =ROW() - ROW(Ejecucion[[#Headers],[Correlativo]]) -> 45 | B49: 5838-PFAN-26 | C49: =IF(Ejecucion[[#This Row],[No. Solicitud]]="","",_xlfn.XLOOKUP(Ejecucion[[#This Row],[No. Solicitud]],Registro!$B$8:$B$997,Registro!$M$8:$M$997,"Sin Dato",0)) -> Gestor 3 | D49: =IF(B49="","",HYPERLINK("#"&"Registro!B"&MATCH(B49,Registro!$B$8:$B$999,0)+7,"Ubicar en registro")) -> Ubicar en registro | E49: =IF(C49="","",_xlfn.XLOOKUP(Ejecucion[[#This Row],[No. Solicitud]],Registro!$B$8:$B$999,Registro!$H$8:$H$999,"",0)) -> Curso 61 | F49: 9 | G49: 42957 | H49: 9893-2026 | I49: 46135 | J49: 46141 | K49: =IF(Ejecucion[[#This Row],[Fecha Fin]]="","",MONTH(Ejecucion[[#This Row],[Fecha Fin]])) -> 4 | L49: Finalizado | M49: 12 | N49: 9 | T49: Modalidad Virtual
A50: =ROW() - ROW(Ejecucion[[#Headers],[Correlativo]]) -> 46 | B50: 5838-PFAN-26 | C50: =IF(Ejecucion[[#This Row],[No. Solicitud]]="","",_xlfn.XLOOKUP(Ejecucion[[#This Row],[No. Solicitud]],Registro!$B$8:$B$997,Registro!$M$8:$M$997,"Sin Dato",0)) -> Gestor 3 | D50: =IF(B50="","",HYPERLINK("#"&"Registro!B"&MATCH(B50,Registro!$B$8:$B$999,0)+7,"Ubicar en registro")) -> Ubicar en registro | E50: =IF(C50="","",_xlfn.XLOOKUP(Ejecucion[[#This Row],[No. Solicitud]],Registro!$B$8:$B$999,Registro!$H$8:$H$999,"",0)) -> Curso 61 | F50: 10 | G50: 42958 | H50: 9894-2026 | I50: 46135 | J50: 46141 | K50: =IF(Ejecucion[[#This Row],[Fecha Fin]]="","",MONTH(Ejecucion[[#This Row],[Fecha Fin]])) -> 4 | L50: Finalizado | M50: 12 | N50: 10 | T50: Modalidad Virtual
A51: =ROW() - ROW(Ejecucion[[#Headers],[Correlativo]]) -> 47 | B51: 5845-PFA-26 | C51: =IF(Ejecucion[[#This Row],[No. Solicitud]]="","",_xlfn.XLOOKUP(Ejecucion[[#This Row],[No. Solicitud]],Registro!$B$8:$B$997,Registro!$M$8:$M$997,"Sin Dato",0)) -> Gestor 2 | D51: =IF(B51="","",HYPERLINK("#"&"Registro!B"&MATCH(B51,Registro!$B$8:$B$999,0)+7,"Ubicar en registro")) -> Ubicar en registro | E51: =IF(C51="","",_xlfn.XLOOKUP(Ejecucion[[#This Row],[No. Solicitud]],Registro!$B$8:$B$999,Registro!$H$8:$H$999,"",0)) -> Curso 62 | F51: 9 | G51: 42549 | H51: 10189-2026 | I51: 46192 | J51: 46192 | K51: =IF(Ejecucion[[#This Row],[Fecha Fin]]="","",MONTH(Ejecucion[[#This Row],[Fecha Fin]])) -> 6 | L51: Finalizado | M51: 37 | N51: 37
A52: =ROW() - ROW(Ejecucion[[#Headers],[Correlativo]]) -> 48 | B52: 5845-PFA-26 | C52: =IF(Ejecucion[[#This Row],[No. Solicitud]]="","",_xlfn.XLOOKUP(Ejecucion[[#This Row],[No. Solicitud]],Registro!$B$8:$B$997,Registro!$M$8:$M$997,"Sin Dato",0)) -> Gestor 2 | D52: =IF(B52="","",HYPERLINK("#"&"Registro!B"&MATCH(B52,Registro!$B$8:$B$999,0)+7,"Ubicar en registro")) -> Ubicar en registro | E52: =IF(C52="","",_xlfn.XLOOKUP(Ejecucion[[#This Row],[No. Solicitud]],Registro!$B$8:$B$999,Registro!$H$8:$H$999,"",0)) -> Curso 62 | F52: 1 | G52: 42537 | H52: 9619-2026 | I52: 46083 | J52: 46083 | K52: =IF(Ejecucion[[#This Row],[Fecha Fin]]="","",MONTH(Ejecucion[[#This Row],[Fecha Fin]])) -> 3 | L52: Finalizado | M52: 32 | N52: 32
A53: =ROW() - ROW(Ejecucion[[#Headers],[Correlativo]]) -> 49 | B53: 5845-PFA-26 | C53: =IF(Ejecucion[[#This Row],[No. Solicitud]]="","",_xlfn.XLOOKUP(Ejecucion[[#This Row],[No. Solicitud]],Registro!$B$8:$B$997,Registro!$M$8:$M$997,"Sin Dato",0)) -> Gestor 2 | D53: =IF(B53="","",HYPERLINK("#"&"Registro!B"&MATCH(B53,Registro!$B$8:$B$999,0)+7,"Ubicar en registro")) -> Ubicar en registro | E53: =IF(C53="","",_xlfn.XLOOKUP(Ejecucion[[#This Row],[No. Solicitud]],Registro!$B$8:$B$999,Registro!$H$8:$H$999,"",0)) -> Curso 62 | F53: 2 | G53: 42538 | H53: 9752-2026 | I53: 46097 | J53: 46097 | K53: =IF(Ejecucion[[#This Row],[Fecha Fin]]="","",MONTH(Ejecucion[[#This Row],[Fecha Fin]])) -> 3 | L53: Finalizado | M53: 32 | N53: 32
A54: =ROW() - ROW(Ejecucion[[#Headers],[Correlativo]]) -> 50 | B54: 5845-PFA-26 | C54: =IF(Ejecucion[[#This Row],[No. Solicitud]]="","",_xlfn.XLOOKUP(Ejecucion[[#This Row],[No. Solicitud]],Registro!$B$8:$B$997,Registro!$M$8:$M$997,"Sin Dato",0)) -> Gestor 2 | D54: =IF(B54="","",HYPERLINK("#"&"Registro!B"&MATCH(B54,Registro!$B$8:$B$999,0)+7,"Ubicar en registro")) -> Ubicar en registro | E54: =IF(C54="","",_xlfn.XLOOKUP(Ejecucion[[#This Row],[No. Solicitud]],Registro!$B$8:$B$999,Registro!$H$8:$H$999,"",0)) -> Curso 62 | F54: 3 | G54: 42539 | H54: 9800-2026 | I54: 46118 | J54: 46118 | K54: =IF(Ejecucion[[#This Row],[Fecha Fin]]="","",MONTH(Ejecucion[[#This Row],[Fecha Fin]])) -> 4 | L54: Finalizado | M54: 31 | N54: 31
A55: =ROW() - ROW(Ejecucion[[#Headers],[Correlativo]]) -> 51 | B55: 5845-PFA-26 | C55: =IF(Ejecucion[[#This Row],[No. Solicitud]]="","",_xlfn.XLOOKUP(Ejecucion[[#This Row],[No. Solicitud]],Registro!$B$8:$B$997,Registro!$M$8:$M$997,"Sin Dato",0)) -> Gestor 2 | D55: =IF(B55="","",HYPERLINK("#"&"Registro!B"&MATCH(B55,Registro!$B$8:$B$999,0)+7,"Ubicar en registro")) -> Ubicar en registro | E55: =IF(C55="","",_xlfn.XLOOKUP(Ejecucion[[#This Row],[No. Solicitud]],Registro!$B$8:$B$999,Registro!$H$8:$H$999,"",0)) -> Curso 62 | F55: 4 | G55: 42540 | H55: 9876-2026 | I55: 46132 | J55: 46132 | K55: =IF(Ejecucion[[#This Row],[Fecha Fin]]="","",MONTH(Ejecucion[[#This Row],[Fecha Fin]])) -> 4 | L55: Finalizado | M55: 36 | N55: 36
A56: =ROW() - ROW(Ejecucion[[#Headers],[Correlativo]]) -> 52 | B56: 5845-PFA-26 | C56: =IF(Ejecucion[[#This Row],[No. Solicitud]]="","",_xlfn.XLOOKUP(Ejecucion[[#This Row],[No. Solicitud]],Registro!$B$8:$B$997,Registro!$M$8:$M$997,"Sin Dato",0)) -> Gestor 2 | D56: =IF(B56="","",HYPERLINK("#"&"Registro!B"&MATCH(B56,Registro!$B$8:$B$999,0)+7,"Ubicar en registro")) -> Ubicar en registro | E56: =IF(C56="","",_xlfn.XLOOKUP(Ejecucion[[#This Row],[No. Solicitud]],Registro!$B$8:$B$999,Registro!$H$8:$H$999,"",0)) -> Curso 62 | F56: 5 | G56: 42541 | H56: 9933-2026 | I56: 46146 | J56: 46146 | K56: =IF(Ejecucion[[#This Row],[Fecha Fin]]="","",MONTH(Ejecucion[[#This Row],[Fecha Fin]])) -> 5 | L56: Finalizado | M56: 36 | N56: 36
A57: =ROW() - ROW(Ejecucion[[#Headers],[Correlativo]]) -> 53 | B57: 5845-PFA-26 | C57: =IF(Ejecucion[[#This Row],[No. Solicitud]]="","",_xlfn.XLOOKUP(Ejecucion[[#This Row],[No. Solicitud]],Registro!$B$8:$B$997,Registro!$M$8:$M$997,"Sin Dato",0)) -> Gestor 2 | D57: =IF(B57="","",HYPERLINK("#"&"Registro!B"&MATCH(B57,Registro!$B$8:$B$999,0)+7,"Ubicar en registro")) -> Ubicar en registro | E57: =IF(C57="","",_xlfn.XLOOKUP(Ejecucion[[#This Row],[No. Solicitud]],Registro!$B$8:$B$999,Registro!$H$8:$H$999,"",0)) -> Curso 62 | F57: 6 | G57: 42542 | H57: 10032-2026 | I57: 46160 | J57: 46160 | K57: =IF(Ejecucion[[#This Row],[Fecha Fin]]="","",MONTH(Ejecucion[[#This Row],[Fecha Fin]])) -> 5 | L57: Finalizado | M57: 36 | N57: 36
A58: =ROW() - ROW(Ejecucion[[#Headers],[Correlativo]]) -> 54 | B58: 5845-PFA-26 | C58: =IF(Ejecucion[[#This Row],[No. Solicitud]]="","",_xlfn.XLOOKUP(Ejecucion[[#This Row],[No. Solicitud]],Registro!$B$8:$B$997,Registro!$M$8:$M$997,"Sin Dato",0)) -> Gestor 2 | D58: =IF(B58="","",HYPERLINK("#"&"Registro!B"&MATCH(B58,Registro!$B$8:$B$999,0)+7,"Ubicar en registro")) -> Ubicar en registro | E58: =IF(C58="","",_xlfn.XLOOKUP(Ejecucion[[#This Row],[No. Solicitud]],Registro!$B$8:$B$999,Registro!$H$8:$H$999,"",0)) -> Curso 62 | F58: 7 | G58: 42543 | H58: 10070-2026. | I58: 46170 | J58: 46170 | K58: =IF(Ejecucion[[#This Row],[Fecha Fin]]="","",MONTH(Ejecucion[[#This Row],[Fecha Fin]])) -> 5 | L58: Finalizado | M58: 36 | N58: 36
A59: =ROW() - ROW(Ejecucion[[#Headers],[Correlativo]]) -> 55 | B59: 5845-PFA-26 | C59: =IF(Ejecucion[[#This Row],[No. Solicitud]]="","",_xlfn.XLOOKUP(Ejecucion[[#This Row],[No. Solicitud]],Registro!$B$8:$B$997,Registro!$M$8:$M$997,"Sin Dato",0)) -> Gestor 2 | D59: =IF(B59="","",HYPERLINK("#"&"Registro!B"&MATCH(B59,Registro!$B$8:$B$999,0)+7,"Ubicar en registro")) -> Ubicar en registro | E59: =IF(C59="","",_xlfn.XLOOKUP(Ejecucion[[#This Row],[No. Solicitud]],Registro!$B$8:$B$999,Registro!$H$8:$H$999,"",0)) -> Curso 62 | F59: 8 | G59: 42545 | H59: 10130-2026 | I59: 46182 | J59: 46182 | K59: =IF(Ejecucion[[#This Row],[Fecha Fin]]="","",MONTH(Ejecucion[[#This Row],[Fecha Fin]])) -> 6 | L59: Finalizado | M59: 36 | N59: 36
A60: =ROW() - ROW(Ejecucion[[#Headers],[Correlativo]]) -> 56 | B60: 5845-PFA-26 | C60: =IF(Ejecucion[[#This Row],[No. Solicitud]]="","",_xlfn.XLOOKUP(Ejecucion[[#This Row],[No. Solicitud]],Registro!$B$8:$B$997,Registro!$M$8:$M$997,"Sin Dato",0)) -> Gestor 2 | D60: =IF(B60="","",HYPERLINK("#"&"Registro!B"&MATCH(B60,Registro!$B$8:$B$999,0)+7,"Ubicar en registro")) -> Ubicar en registro | E60: =IF(C60="","",_xlfn.XLOOKUP(Ejecucion[[#This Row],[No. Solicitud]],Registro!$B$8:$B$999,Registro!$H$8:$H$999,"",0)) -> Curso 62 | F60: 10 | G60: 42550 | H60: 10231-2026. | I60: 46206 | J60: 46206 | K60: =IF(Ejecucion[[#This Row],[Fecha Fin]]="","",MONTH(Ejecucion[[#This Row],[Fecha Fin]])) -> 7 | L60: Finalizado | M60: 34 | N60: 34
A61: =ROW() - ROW(Ejecucion[[#Headers],[Correlativo]]) -> 57 | B61: 5846-PFAN-26 | C61: =IF(Ejecucion[[#This Row],[No. Solicitud]]="","",_xlfn.XLOOKUP(Ejecucion[[#This Row],[No. Solicitud]],Registro!$B$8:$B$997,Registro!$M$8:$M$997,"Sin Dato",0)) -> Gestor 2 | D61: =IF(B61="","",HYPERLINK("#"&"Registro!B"&MATCH(B61,Registro!$B$8:$B$999,0)+7,"Ubicar en registro")) -> Ubicar en registro | E61: =IF(C61="","",_xlfn.XLOOKUP(Ejecucion[[#This Row],[No. Solicitud]],Registro!$B$8:$B$999,Registro!$H$8:$H$999,"",0)) -> Curso 63 | F61: 1 | G61: 42585 | H61: 9620-2026 | I61: 46083 | J61: 46083 | K61: =IF(Ejecucion[[#This Row],[Fecha Fin]]="","",MONTH(Ejecucion[[#This Row],[Fecha Fin]])) -> 3 | L61: Finalizado | M61: 32 | N61: 32
A62: =ROW() - ROW(Ejecucion[[#Headers],[Correlativo]]) -> 58 | B62: 5846-PFAN-26 | C62: =IF(Ejecucion[[#This Row],[No. Solicitud]]="","",_xlfn.XLOOKUP(Ejecucion[[#This Row],[No. Solicitud]],Registro!$B$8:$B$997,Registro!$M$8:$M$997,"Sin Dato",0)) -> Gestor 2 | D62: =IF(B62="","",HYPERLINK("#"&"Registro!B"&MATCH(B62,Registro!$B$8:$B$999,0)+7,"Ubicar en registro")) -> Ubicar en registro | E62: =IF(C62="","",_xlfn.XLOOKUP(Ejecucion[[#This Row],[No. Solicitud]],Registro!$B$8:$B$999,Registro!$H$8:$H$999,"",0)) -> Curso 63 | F62: 2 | G62: 42611 | H62: 9755-2026 | I62: 46097 | J62: 46097 | K62: =IF(Ejecucion[[#This Row],[Fecha Fin]]="","",MONTH(Ejecucion[[#This Row],[Fecha Fin]])) -> 3 | L62: Finalizado | M62: 32 | N62: 32
... A91: =ROW() - ROW(Ejecucion[[#Headers],[Correlativo]]) -> 87 | B91: 5849-PFAN-26 | C91: =IF(Ejecucion[[#This Row],[No. Solicitud]]="","",_xlfn.XLOOKUP(Ejecucion[[#This Row],[No. Solicitud]],Registro!$B$8:$B$997,Registro!$M$8:$M$997,"Sin Dato",0)) -> Gestor 2 | D91: =IF(B91="","",HYPERLINK("#"&"Registro!B"&MATCH(B91,Registro!$B$8:$B$999,0)+7,"Ubicar en registro")) -> Ubicar en registro | E91: =IF(C91="","",_xlfn.XLOOKUP(Ejecucion[[#This Row],[No. Solicitud]],Registro!$B$8:$B$999,Registro!$H$8:$H$999,"",0)) -> Curso 66 | F91: 6 | G91: 43170 | H91: 10055-2026 | I91: 46164 | J91: 46164 | K91: =IF(Ejecucion[[#This Row],[Fecha Fin]]="","",MONTH(Ejecucion[[#This Row],[Fecha Fin]])) -> 5 | L91: Finalizado | M91: 36 | N91: 36
A92: =ROW() - ROW(Ejecucion[[#Headers],[Correlativo]]) -> 88 | B92: 5849-PFAN-26 | C92: =IF(Ejecucion[[#This Row],[No. Solicitud]]="","",_xlfn.XLOOKUP(Ejecucion[[#This Row],[No. Solicitud]],Registro!$B$8:$B$997,Registro!$M$8:$M$997,"Sin Dato",0)) -> Gestor 2 | D92: =IF(B92="","",HYPERLINK("#"&"Registro!B"&MATCH(B92,Registro!$B$8:$B$999,0)+7,"Ubicar en registro")) -> Ubicar en registro | E92: =IF(C92="","",_xlfn.XLOOKUP(Ejecucion[[#This Row],[No. Solicitud]],Registro!$B$8:$B$999,Registro!$H$8:$H$999,"",0)) -> Curso 66 | F92: 7 | G92: 43191 | H92: 10096-2026 | I92: 46176 | J92: 46176 | K92: =IF(Ejecucion[[#This Row],[Fecha Fin]]="","",MONTH(Ejecucion[[#This Row],[Fecha Fin]])) -> 6 | L92: Finalizado | T92: No se localizó listado en el ticket
A93: =ROW() - ROW(Ejecucion[[#Headers],[Correlativo]]) -> 89 | B93: 5849-PFAN-26 | C93: =IF(Ejecucion[[#This Row],[No. Solicitud]]="","",_xlfn.XLOOKUP(Ejecucion[[#This Row],[No. Solicitud]],Registro!$B$8:$B$997,Registro!$M$8:$M$997,"Sin Dato",0)) -> Gestor 2 | D93: =IF(B93="","",HYPERLINK("#"&"Registro!B"&MATCH(B93,Registro!$B$8:$B$999,0)+7,"Ubicar en registro")) -> Ubicar en registro | E93: =IF(C93="","",_xlfn.XLOOKUP(Ejecucion[[#This Row],[No. Solicitud]],Registro!$B$8:$B$999,Registro!$H$8:$H$999,"",0)) -> Curso 66 | F93: 8 | G93: 43299 | H93: 10167-2026 | I93: 46188 | J93: 46188 | K93: =IF(Ejecucion[[#This Row],[Fecha Fin]]="","",MONTH(Ejecucion[[#This Row],[Fecha Fin]])) -> 6 | L93: Finalizado | M93: 36 | N93: 36
A94: =ROW() - ROW(Ejecucion[[#Headers],[Correlativo]]) -> 90 | B94: 5849-PFAN-26 | C94: =IF(Ejecucion[[#This Row],[No. Solicitud]]="","",_xlfn.XLOOKUP(Ejecucion[[#This Row],[No. Solicitud]],Registro!$B$8:$B$997,Registro!$M$8:$M$997,"Sin Dato",0)) -> Gestor 2 | D94: =IF(B94="","",HYPERLINK("#"&"Registro!B"&MATCH(B94,Registro!$B$8:$B$999,0)+7,"Ubicar en registro")) -> Ubicar en registro | E94: =IF(C94="","",_xlfn.XLOOKUP(Ejecucion[[#This Row],[No. Solicitud]],Registro!$B$8:$B$999,Registro!$H$8:$H$999,"",0)) -> Curso 66 | F94: 9 | G94: 43329 | H94: 10201-2026 | I94: 46199 | J94: 46199 | K94: =IF(Ejecucion[[#This Row],[Fecha Fin]]="","",MONTH(Ejecucion[[#This Row],[Fecha Fin]])) -> 6 | L94: Finalizado | M94: 37 | N94: 37
A95: =ROW() - ROW(Ejecucion[[#Headers],[Correlativo]]) -> 91 | B95: 5849-PFAN-26 | C95: =IF(Ejecucion[[#This Row],[No. Solicitud]]="","",_xlfn.XLOOKUP(Ejecucion[[#This Row],[No. Solicitud]],Registro!$B$8:$B$997,Registro!$M$8:$M$997,"Sin Dato",0)) -> Gestor 2 | D95: =IF(B95="","",HYPERLINK("#"&"Registro!B"&MATCH(B95,Registro!$B$8:$B$999,0)+7,"Ubicar en registro")) -> Ubicar en registro | E95: =IF(C95="","",_xlfn.XLOOKUP(Ejecucion[[#This Row],[No. Solicitud]],Registro!$B$8:$B$999,Registro!$H$8:$H$999,"",0)) -> Curso 66 | F95: 10 | G95: 43459 | H95: 10294-2026. | I95: 46212 | J95: 46212 | K95: =IF(Ejecucion[[#This Row],[Fecha Fin]]="","",MONTH(Ejecucion[[#This Row],[Fecha Fin]])) -> 7 | L95: Finalizado | M95: 34 | N95: 34
A96: =ROW() - ROW(Ejecucion[[#Headers],[Correlativo]]) -> 92 | B96: 5850-PFAN-26 | C96: =IF(Ejecucion[[#This Row],[No. Solicitud]]="","",_xlfn.XLOOKUP(Ejecucion[[#This Row],[No. Solicitud]],Registro!$B$8:$B$997,Registro!$M$8:$M$997,"Sin Dato",0)) -> Gestor 2 | D96: =IF(B96="","",HYPERLINK("#"&"Registro!B"&MATCH(B96,Registro!$B$8:$B$999,0)+7,"Ubicar en registro")) -> Ubicar en registro | E96: =IF(C96="","",_xlfn.XLOOKUP(Ejecucion[[#This Row],[No. Solicitud]],Registro!$B$8:$B$999,Registro!$H$8:$H$999,"",0)) -> Curso 67 | F96: 1 | G96: 42588 | H96: 9628-2026 | I96: 46085 | J96: 46207 | K96: =IF(Ejecucion[[#This Row],[Fecha Fin]]="","",MONTH(Ejecucion[[#This Row],[Fecha Fin]])) -> 7 | L96: Finalizado | M96: 32 | N96: 32
A97: =ROW() - ROW(Ejecucion[[#Headers],[Correlativo]]) -> 93 | B97: 5850-PFAN-26 | C97: =IF(Ejecucion[[#This Row],[No. Solicitud]]="","",_xlfn.XLOOKUP(Ejecucion[[#This Row],[No. Solicitud]],Registro!$B$8:$B$997,Registro!$M$8:$M$997,"Sin Dato",0)) -> Gestor 2 | D97: =IF(B97="","",HYPERLINK("#"&"Registro!B"&MATCH(B97,Registro!$B$8:$B$999,0)+7,"Ubicar en registro")) -> Ubicar en registro | E97: =IF(C97="","",_xlfn.XLOOKUP(Ejecucion[[#This Row],[No. Solicitud]],Registro!$B$8:$B$999,Registro!$H$8:$H$999,"",0)) -> Curso 67 | F97: 2 | G97: 42615 | H97: 9693-2026 | I97: 46099 | J97: 46099 | K97: =IF(Ejecucion[[#This Row],[Fecha Fin]]="","",MONTH(Ejecucion[[#This Row],[Fecha Fin]])) -> 3 | L97: Finalizado | M97: 31 | N97: 31
A98: =ROW() - ROW(Ejecucion[[#Headers],[Correlativo]]) -> 94 | B98: 5850-PFAN-26 | C98: =IF(Ejecucion[[#This Row],[No. Solicitud]]="","",_xlfn.XLOOKUP(Ejecucion[[#This Row],[No. Solicitud]],Registro!$B$8:$B$997,Registro!$M$8:$M$997,"Sin Dato",0)) -> Gestor 2 | D98: =IF(B98="","",HYPERLINK("#"&"Registro!B"&MATCH(B98,Registro!$B$8:$B$999,0)+7,"Ubicar en registro")) -> Ubicar en registro | E98: =IF(C98="","",_xlfn.XLOOKUP(Ejecucion[[#This Row],[No. Solicitud]],Registro!$B$8:$B$999,Registro!$H$8:$H$999,"",0)) -> Curso 67 | F98: 3 | G98: 42823 | H98: 9804-2026 | I98: 46120 | J98: 46120 | K98: =IF(Ejecucion[[#This Row],[Fecha Fin]]="","",MONTH(Ejecucion[[#This Row],[Fecha Fin]])) -> 4 | L98: Finalizado | M98: 31 | N98: 31
A99: =ROW() - ROW(Ejecucion[[#Headers],[Correlativo]]) -> 95 | B99: 5850-PFAN-26 | C99: =IF(Ejecucion[[#This Row],[No. Solicitud]]="","",_xlfn.XLOOKUP(Ejecucion[[#This Row],[No. Solicitud]],Registro!$B$8:$B$997,Registro!$M$8:$M$997,"Sin Dato",0)) -> Gestor 2 | D99: =IF(B99="","",HYPERLINK("#"&"Registro!B"&MATCH(B99,Registro!$B$8:$B$999,0)+7,"Ubicar en registro")) -> Ubicar en registro | E99: =IF(C99="","",_xlfn.XLOOKUP(Ejecucion[[#This Row],[No. Solicitud]],Registro!$B$8:$B$999,Registro!$H$8:$H$999,"",0)) -> Curso 67 | F99: 4 | G99: 42895 | H99: 9878-2026 | I99: 46134 | J99: 46134 | K99: =IF(Ejecucion[[#This Row],[Fecha Fin]]="","",MONTH(Ejecucion[[#This Row],[Fecha Fin]])) -> 4 | L99: Finalizado | M99: 36 | N99: 36
A100: =ROW() - ROW(Ejecucion[[#Headers],[Correlativo]]) -> 96 | B100: 5850-PFAN-26 | C100: =IF(Ejecucion[[#This Row],[No. Solicitud]]="","",_xlfn.XLOOKUP(Ejecucion[[#This Row],[No. Solicitud]],Registro!$B$8:$B$997,Registro!$M$8:$M$997,"Sin Dato",0)) -> Gestor 2 | D100: =IF(B100="","",HYPERLINK("#"&"Registro!B"&MATCH(B100,Registro!$B$8:$B$999,0)+7,"Ubicar en registro")) -> Ubicar en registro | E100: =IF(C100="","",_xlfn.XLOOKUP(Ejecucion[[#This Row],[No. Solicitud]],Registro!$B$8:$B$999,Registro!$H$8:$H$999,"",0)) -> Curso 67 | F100: 5 | G100: 43028 | H100: 9938-2026 | I100: 46148 | J100: 46148 | K100: =IF(Ejecucion[[#This Row],[Fecha Fin]]="","",MONTH(Ejecucion[[#This Row],[Fecha Fin]])) -> 5 | L100: Finalizado | M100: 36 | N100: 36
A101: =ROW() - ROW(Ejecucion[[#Headers],[Correlativo]]) -> 97 | B101: 5850-PFAN-26 | C101: =IF(Ejecucion[[#This Row],[No. Solicitud]]="","",_xlfn.XLOOKUP(Ejecucion[[#This Row],[No. Solicitud]],Registro!$B$8:$B$997,Registro!$M$8:$M$997,"Sin Dato",0)) -> Gestor 2 | D101: =IF(B101="","",HYPERLINK("#"&"Registro!B"&MATCH(B101,Registro!$B$8:$B$999,0)+7,"Ubicar en registro")) -> Ubicar en registro | E101: =IF(C101="","",_xlfn.XLOOKUP(Ejecucion[[#This Row],[No. Solicitud]],Registro!$B$8:$B$999,Registro!$H$8:$H$999,"",0)) -> Curso 67 | F101: 6 | G101: 43161 | H101: 10047-2026 | I101: 46162 | J101: 46162 | K101: =IF(Ejecucion[[#This Row],[Fecha Fin]]="","",MONTH(Ejecucion[[#This Row],[Fecha Fin]])) -> 5 | L101: Finalizado | M101: 36 | N101: 36
A102: =ROW() - ROW(Ejecucion[[#Headers],[Correlativo]]) -> 98 | B102: 5850-PFAN-26 | C102: =IF(Ejecucion[[#This Row],[No. Solicitud]]="","",_xlfn.XLOOKUP(Ejecucion[[#This Row],[No. Solicitud]],Registro!$B$8:$B$997,Registro!$M$8:$M$997,"Sin Dato",0)) -> Gestor 2 | D102: =IF(B102="","",HYPERLINK("#"&"Registro!B"&MATCH(B102,Registro!$B$8:$B$999,0)+7,"Ubicar en registro")) -> Ubicar en registro | E102: =IF(C102="","",_xlfn.XLOOKUP(Ejecucion[[#This Row],[No. Solicitud]],Registro!$B$8:$B$999,Registro!$H$8:$H$999,"",0)) -> Curso 67 | F102: 7 | G102: 43182 | H102: 10085-2026 | I102: 46174 | J102: 46174 | K102: =IF(Ejecucion[[#This Row],[Fecha Fin]]="","",MONTH(Ejecucion[[#This Row],[Fecha Fin]])) -> 6 | L102: Finalizado | M102: 36 | N102: 36
A103: =ROW() - ROW(Ejecucion[[#Headers],[Correlativo]]) -> 99 | B103: 5850-PFAN-26 | C103: =IF(Ejecucion[[#This Row],[No. Solicitud]]="","",_xlfn.XLOOKUP(Ejecucion[[#This Row],[No. Solicitud]],Registro!$B$8:$B$997,Registro!$M$8:$M$997,"Sin Dato",0)) -> Gestor 2 | D103: =IF(B103="","",HYPERLINK("#"&"Registro!B"&MATCH(B103,Registro!$B$8:$B$999,0)+7,"Ubicar en registro")) -> Ubicar en registro | E103: =IF(C103="","",_xlfn.XLOOKUP(Ejecucion[[#This Row],[No. Solicitud]],Registro!$B$8:$B$999,Registro!$H$8:$H$999,"",0)) -> Curso 67 | F103: 8 | G103: 43269 | H103: 10155-2026 | I103: 46184 | J103: 46184 | K103: =IF(Ejecucion[[#This Row],[Fecha Fin]]="","",MONTH(Ejecucion[[#This Row],[Fecha Fin]])) -> 6 | L103: Finalizado | M103: 36 | N103: 36
A104: =ROW() - ROW(Ejecucion[[#Headers],[Correlativo]]) -> 100 | B104: 5850-PFAN-26 | C104: =IF(Ejecucion[[#This Row],[No. Solicitud]]="","",_xlfn.XLOOKUP(Ejecucion[[#This Row],[No. Solicitud]],Registro!$B$8:$B$997,Registro!$M$8:$M$997,"Sin Dato",0)) -> Gestor 2 | D104: =IF(B104="","",HYPERLINK("#"&"Registro!B"&MATCH(B104,Registro!$B$8:$B$999,0)+7,"Ubicar en registro")) -> Ubicar en registro | E104: =IF(C104="","",_xlfn.XLOOKUP(Ejecucion[[#This Row],[No. Solicitud]],Registro!$B$8:$B$999,Registro!$H$8:$H$999,"",0)) -> Curso 67 | F104: 9 | G104: 43325 | H104: 10195-2026 | I104: 46197 | J104: 46197 | K104: =IF(Ejecucion[[#This Row],[Fecha Fin]]="","",MONTH(Ejecucion[[#This Row],[Fecha Fin]])) -> 6 | L104: Finalizado | M104: 37 | N104: 37
... A177: =ROW() - ROW(Ejecucion[[#Headers],[Correlativo]]) -> 173 | B177: 6204-PFIN-26 | C177: =IF(Ejecucion[[#This Row],[No. Solicitud]]="","",_xlfn.XLOOKUP(Ejecucion[[#This Row],[No. Solicitud]],Registro!$B$8:$B$997,Registro!$M$8:$M$997,"Sin Dato",0)) -> Gestor 3 | D177: =IF(B177="","",HYPERLINK("#"&"Registro!B"&MATCH(B177,Registro!$B$8:$B$999,0)+7,"Ubicar en registro")) -> Ubicar en registro | E177: =IF(C177="","",_xlfn.XLOOKUP(Ejecucion[[#This Row],[No. Solicitud]],Registro!$B$8:$B$999,Registro!$H$8:$H$999,"",0)) -> Curso 105 | F177: 2 | G177: 43388 | H177: 10438-2026 | I177: 46234 | J177: 46233 | K177: =IF(Ejecucion[[#This Row],[Fecha Fin]]="","",MONTH(Ejecucion[[#This Row],[Fecha Fin]])) -> 7 | L177: Finalizado | M177: 22 | N177: 18
A178: =ROW() - ROW(Ejecucion[[#Headers],[Correlativo]]) -> 174 | B178: 6205-PFIN-26 | C178: =IF(Ejecucion[[#This Row],[No. Solicitud]]="","",_xlfn.XLOOKUP(Ejecucion[[#This Row],[No. Solicitud]],Registro!$B$8:$B$997,Registro!$M$8:$M$997,"Sin Dato",0)) -> Gestor 3 | D178: =IF(B178="","",HYPERLINK("#"&"Registro!B"&MATCH(B178,Registro!$B$8:$B$999,0)+7,"Ubicar en registro")) -> Ubicar en registro | E178: =IF(C178="","",_xlfn.XLOOKUP(Ejecucion[[#This Row],[No. Solicitud]],Registro!$B$8:$B$999,Registro!$H$8:$H$999,"",0)) -> Curso 104 | F178: 1 | G178: 43445 | H178: 10300-2026 | I178: 46211 | J178: 46211 | K178: =IF(Ejecucion[[#This Row],[Fecha Fin]]="","",MONTH(Ejecucion[[#This Row],[Fecha Fin]])) -> 7 | L178: Finalizado | M178: 350 | T178: No se consignan datos por la modalidad del evento
A179: =ROW() - ROW(Ejecucion[[#Headers],[Correlativo]]) -> 175 | B179: 6206-PFIN-26 | C179: =IF(Ejecucion[[#This Row],[No. Solicitud]]="","",_xlfn.XLOOKUP(Ejecucion[[#This Row],[No. Solicitud]],Registro!$B$8:$B$997,Registro!$M$8:$M$997,"Sin Dato",0)) -> Gestor 1 | D179: =IF(B179="","",HYPERLINK("#"&"Registro!B"&MATCH(B179,Registro!$B$8:$B$999,0)+7,"Ubicar en registro")) -> Ubicar en registro | E179: =IF(C179="","",_xlfn.XLOOKUP(Ejecucion[[#This Row],[No. Solicitud]],Registro!$B$8:$B$999,Registro!$H$8:$H$999,"",0)) -> Curso 103 | F179: 1 | G179: 43516 | H179: 10457-2026 | I179: 46237 | J179: 46240 | K179: =IF(Ejecucion[[#This Row],[Fecha Fin]]="","",MONTH(Ejecucion[[#This Row],[Fecha Fin]])) -> 8 | L179: Finalizado | M179: 20 | N179: 18 | O179: 17 | P179: 0 | Q179: 1 | R179: https://ecampus.sat.gob.gt/formacionsat/course/view.php?id=9269 | S179: 46236
A180: =ROW() - ROW(Ejecucion[[#Headers],[Correlativo]]) -> 176 | B180: 6206-PFIN-26 | C180: =IF(Ejecucion[[#This Row],[No. Solicitud]]="","",_xlfn.XLOOKUP(Ejecucion[[#This Row],[No. Solicitud]],Registro!$B$8:$B$997,Registro!$M$8:$M$997,"Sin Dato",0)) -> Gestor 1 | D180: =IF(B180="","",HYPERLINK("#"&"Registro!B"&MATCH(B180,Registro!$B$8:$B$999,0)+7,"Ubicar en registro")) -> Ubicar en registro | E180: =IF(C180="","",_xlfn.XLOOKUP(Ejecucion[[#This Row],[No. Solicitud]],Registro!$B$8:$B$999,Registro!$H$8:$H$999,"",0)) -> Curso 103 | F180: 2 | G180: 43532 | H180: 104513-2026 | I180: 46244 | J180: 46247 | K180: =IF(Ejecucion[[#This Row],[Fecha Fin]]="","",MONTH(Ejecucion[[#This Row],[Fecha Fin]])) -> 8 | L180: Finalizado | M180: 20 | N180: 20 | O180: 20 | P180: 0 | Q180: 0 | R180: https://ecampus.sat.gob.gt/formacionsat/course/view.php?id=9274 | S180: 46259
A181: =ROW() - ROW(Ejecucion[[#Headers],[Correlativo]]) -> 177 | B181: 6207-PFIN-26 | C181: =IF(Ejecucion[[#This Row],[No. Solicitud]]="","",_xlfn.XLOOKUP(Ejecucion[[#This Row],[No. Solicitud]],Registro!$B$8:$B$997,Registro!$M$8:$M$997,"Sin Dato",0)) -> Gestor 3 | D181: =IF(B181="","",HYPERLINK("#"&"Registro!B"&MATCH(B181,Registro!$B$8:$B$999,0)+7,"Ubicar en registro")) -> Ubicar en registro | E181: =IF(C181="","",_xlfn.XLOOKUP(Ejecucion[[#This Row],[No. Solicitud]],Registro!$B$8:$B$999,Registro!$H$8:$H$999,"",0)) -> Curso 102 | F181: 1 | G181: 43468 | H181: 10303-2026 | I181: 46211 | J181: 46211 | K181: =IF(Ejecucion[[#This Row],[Fecha Fin]]="","",MONTH(Ejecucion[[#This Row],[Fecha Fin]])) -> 7 | L181: Finalizado | M181: 350 | T181: No se consignan datos por la modalidad del evento
